,State,County_x,# Killed,# Injured,County FIPS,State FIPS,Total Victims,County_y,Population 2014,Poverty Count 2014,Poverty Rate 2014,Population 2015,Poverty Count 2015,Poverty Rate 2015,Population 2016,Poverty Count 2016,Poverty Rate 2016,Population 2017,Poverty Count 2017,Poverty Rate 2017
0,Alabama,Autauga,3,1,001,01,4,Autauga,"54,903","7,204",13.1,"54,860","6,966",12.7,"54,939","7,444",13.5,"55,021","7,390",13.4
1,Alabama,Blount,1,4,009,01,5,Blount,"57,155","10,000",17.5,"57,116","8,399",14.7,"57,155","8,033",14.1,"57,452","7,343",12.8
2,Alabama,Calhoun,0,4,015,01,4,Calhoun,"113,010","23,114",20.5,"112,727","22,579",20.0,"111,768","19,057",17.1,"111,883","19,832",17.7
3,Alabama,Chambers,2,7,017,01,9,Chambers,"33,604","7,170",21.3,"33,653","7,532",22.4,"33,378","6,656",19.9,"33,242","6,036",18.2
4,Alabama,Cherokee,3,1,019,01,4,Cherokee,"25,695","4,768",18.6,"25,519","4,961",19.4,"25,389","4,273",16.8,"25,518","4,381",17.2
5,Alabama,Coffee,0,4,031,01,4,Coffee,"50,187","8,407",16.8,"50,491","8,196",16.2,"50,513","7,271",14.4,"51,206","7,954",15.5
6,Alabama,Covington,1,4,039,01,5,Covington,"37,310","7,778",20.8,"37,233","8,319",22.3,"36,863","7,228",19.6,"36,490","6,447",17.7
7,Alabama,Dale,0,4,045,01,4,Dale,"48,443","10,865",22.4,"48,529","8,980",18.5,"48,198","9,936",20.6,"48,173","8,528",17.7
8,Alabama,Elmore,2,2,051,01,4,Elmore,"75,463","10,867",14.4,"75,978","10,609",14.0,"76,343","10,316",13.5,"76,290","9,151",12.0
9,Alabama,Greene,0,5,063,01,5,Greene,"8,499","2,819",33.2,"8,426","3,175",37.7,"8,370","2,845",34.0,"8,277","2,752",33.2
10,Alabama,Jefferson,4,26,073,01,30,Jefferson,"645,857","125,778",19.5,"645,500","115,897",18.0,"644,431","98,463",15.3,"643,726","107,752",16.7
11,Alabama,Madison,0,5,089,01,5,Madison,"342,440","48,750",14.2,"345,115","45,877",13.3,"348,724","47,081",13.5,"352,724","44,979",12.8
12,Alabama,Mobile,5,9,097,01,14,Mobile,"408,065","80,016",19.6,"408,139","75,204",18.4,"407,644","79,364",19.5,"406,795","80,116",19.7
13,Alabama,Montgomery,1,8,101,01,9,Montgomery,"216,905","48,844",22.5,"217,034","49,457",22.8,"217,282","40,760",18.8,"217,404","46,315",21.3
14,Alabama,Pike,1,4,109,01,5,Pike,"31,236","8,237",26.4,"31,181","8,066",25.9,"31,008","7,793",25.1,"31,085","8,611",27.7
15,Alabama,Russell,0,12,113,01,12,Russell,"58,905","12,309",20.9,"58,958","13,575",23.0,"57,491","11,108",19.3,"56,358","13,078",23.2
16,Alabama,Tallapoosa,0,5,123,01,5,Tallapoosa,"40,541","8,633",21.3,"40,224","8,717",21.7,"40,112","8,111",20.2,"40,059","7,311",18.3
17,Alaska,Anchorage Municipality,0,6,020,02,6,Anchorage Borough,"293,221","29,207",10.0,"292,018","25,305",8.7,"291,460","21,108",7.2,"287,186","27,663",9.6
18,Arizona,Coconino,1,3,005,04,4,Coconino,"127,770","27,154",21.3,"128,769","25,133",19.5,"130,213","23,116",17.8,"130,051","23,946",18.4
19,Arizona,Maricopa,23,44,013,04,67,Maricopa,"4,023,019","687,643",17.1,"4,103,850","667,637",16.3,"4,175,417","624,923",15.0,"4,239,908","570,402",13.5
20,Arizona,Pima,5,0,019,04,5,Pima,"979,212","183,590",18.7,"985,659","184,628",18.7,"991,827","180,513",18.2,"998,103","165,811",16.6
21,Arizona,Pinal,4,0,021,04,4,Pinal,"374,630","66,073",17.6,"380,330","60,151",15.8,"393,485","60,679",15.4,"403,619","52,566",13.0
22,Arkansas,Craighead,5,10,031,05,15,Craighead,"98,729","21,974",22.3,"100,290","17,306",17.3,"101,881","16,548",16.2,"103,307","15,354",14.9
23,Arkansas,Crittenden,0,4,035,05,4,Crittenden,"48,874","13,323",27.3,"48,182","12,473",25.9,"48,245","12,314",25.5,"47,789","10,070",21.1
24,Arkansas,Garland,1,4,051,05,5,Garland,"95,641","17,929",18.7,"95,344","18,354",19.3,"95,706","17,037",17.8,"96,935","15,384",15.9
25,Arkansas,Jefferson,1,3,069,05,4,Jefferson,"67,415","18,042",26.8,"66,351","17,579",26.5,"64,682","15,094",23.3,"63,662","14,957",23.5
26,Arkansas,Mississippi,1,11,093,05,12,Mississippi,"43,294","11,744",27.1,"42,702","11,235",26.3,"41,835","10,307",24.6,"41,187","10,018",24.3
27,Arkansas,Pulaski,3,36,119,05,39,Pulaski,"384,653","61,892",16.1,"383,767","74,375",19.4,"384,374","66,302",17.2,"385,180","57,780",15.0
28,California,Alameda,2,54,001,06,56,Alameda,"1,581,548","197,984",12.5,"1,609,162","184,716",11.5,"1,619,071","173,386",10.7,"1,634,436","152,087",9.3
29,California,Contra Costa,3,17,013,06,20,Contra Costa,"1,102,107","115,466",10.5,"1,117,234","114,123",10.2,"1,125,937","97,573",8.7,"1,138,266","103,883",9.1
30,California,Fresno,3,47,019,06,50,Fresno,"949,225","261,387",27.5,"957,496","241,669",25.2,"963,077","245,131",25.5,"972,367","205,046",21.1
31,California,Kern,5,23,029,06,28,Kern,"843,008","206,604",24.5,"849,853","185,990",21.9,"852,701","190,993",22.4,"861,002","182,948",21.2
32,California,Lake,2,3,033,06,5,Lake,"63,207","15,387",24.3,"63,577","13,006",20.5,"63,164","13,065",20.7,"63,300","12,817",20.2
33,California,Los Angeles,44,186,037,06,230,Los Angeles,"9,958,684","1,863,025",18.7,"10,011,595","1,675,802",16.7,"9,981,948","1,629,450",16.3,"10,007,071","1,490,853",14.9
34,California,Monterey,4,8,053,06,12,Monterey,"413,696","70,259",17.0,"416,376","63,732",15.3,"417,017","53,898",12.9,"419,435","49,860",11.9
35,California,Orange,2,6,059,06,8,Orange,"3,105,107","400,252",12.9,"3,128,383","398,428",12.7,"3,132,411","348,173",11.1,"3,148,278","362,109",11.5
36,California,Riverside,5,36,065,06,41,Riverside,"2,294,876","392,706",17.1,"2,326,886","377,244",16.2,"2,353,236","359,774",15.3,"2,388,862","309,235",12.9
37,California,Sacramento,10,66,067,06,76,Sacramento,"1,462,067","264,955",18.1,"1,481,425","250,325",16.9,"1,495,158","243,760",16.3,"1,511,229","213,232",14.1
38,California,San Bernardino,24,40,071,06,64,San Bernardino,"2,071,080","422,405",20.4,"2,087,881","394,031",18.9,"2,101,567","369,012",17.6,"2,118,139","339,748",16.0
39,California,San Diego,6,19,073,06,25,San Diego,"3,168,867","467,248",14.7,"3,203,252","445,948",13.9,"3,222,062","400,028",12.4,"3,243,699","385,479",11.9
40,California,San Francisco,9,34,075,06,43,San Francisco,"837,036","101,313",12.1,"849,842","105,244",12.4,"855,884","87,690",10.2,"868,690","87,314",10.1
41,California,San Joaquin,10,18,077,06,28,San Joaquin,"702,546","145,167",20.7,"712,334","124,606",17.5,"719,737","105,268",14.6,"731,380","113,375",15.5
42,California,San Mateo,1,3,081,06,4,San Mateo,"752,259","56,580",7.5,"758,807","63,663",8.4,"758,708","50,438",6.6,"765,157","48,795",6.4
43,California,Santa Barbara,4,8,083,06,12,Santa Barbara,"422,135","73,600",17.4,"426,174","66,475",15.6,"427,848","59,468",13.9,"429,288","60,921",14.2
44,California,Santa Clara,0,5,085,06,5,Santa Clara,"1,867,602","159,553",8.5,"1,891,080","156,430",8.3,"1,893,000","175,627",9.3,"1,911,659","142,603",7.5
45,California,Solano,1,11,095,06,12,Solano,"420,019","51,638",12.3,"425,104","50,972",12.0,"429,034","48,701",11.4,"433,708","43,352",10.0
46,California,Sonoma,1,3,097,06,4,Sonoma,"491,691","55,742",11.3,"493,876","54,563",11.0,"494,870","46,604",9.4,"495,804","46,165",9.3
47,California,Stanislaus,1,7,099,06,8,Stanislaus,"526,452","95,456",18.1,"532,642","103,646",19.5,"535,914","77,913",14.5,"542,014","75,614",14.0
48,California,Tehama,6,12,103,06,18,Tehama,"62,275","11,358",18.2,"62,518","14,073",22.5,"62,483","13,060",20.9,"63,125","12,718",20.1
49,California,Tulare,0,4,107,06,4,Tulare,"453,125","127,305",28.1,"454,886","123,922",27.2,"455,664","112,387",24.7,"459,688","110,299",24.0
50,Colorado,Denver,5,20,031,08,25,Denver,"650,389","103,412",15.9,"669,048","105,275",15.7,"679,246","95,232",14.0,"690,382","86,353",12.5
51,Colorado,Douglas,2,6,035,08,8,Douglas,"313,626","11,740",3.7,"321,358","10,917",3.4,"327,549","11,114",3.4,"334,062","10,574",3.2
52,Colorado,El Paso,3,9,041,08,12,El Paso,"644,370","78,363",12.2,"655,995","72,201",11.0,"669,218","76,997",11.5,"679,038","73,008",10.8
53,Colorado,Jefferson,2,6,059,08,8,Jefferson,"549,886","45,482",8.3,"557,171","44,068",7.9,"562,973","39,397",7.0,"565,543","42,729",7.6
54,Connecticut,Fairfield,1,31,001,09,32,Fairfield,"926,912","83,132",9.0,"929,031","83,612",9.0,"926,052","79,966",8.6,"931,762","82,428",8.8
55,Connecticut,Hartford,2,11,003,09,13,Hartford,"872,665","106,078",12.2,"871,493","96,763",11.1,"868,075","95,010",10.9,"871,720","96,200",11.0
56,Connecticut,New Haven,2,12,009,09,14,New Haven,"833,558","108,729",13.0,"831,687","112,801",13.6,"829,603","94,687",11.4,"833,593","91,639",11.0
57,Delaware,Kent,0,6,001,10,6,Kent,"167,063","23,484",14.1,"168,623","23,947",14.2,"169,836","23,060",13.6,"171,484","22,671",13.2
58,Delaware,New Castle,1,12,003,10,13,New Castle,"535,185","65,642",12.3,"539,499","65,503",12.1,"540,324","61,319",11.3,"542,068","72,551",13.4
59,Florida,Alachua,0,4,001,12,4,Alachua,"244,270","52,756",21.6,"247,818","52,258",21.1,"250,852","55,990",22.3,"253,418","53,816",21.2
60,Florida,Brevard,2,2,009,12,4,Brevard,"549,379","79,657",14.5,"560,459","75,268",13.4,"571,868","84,028",14.7,"581,834","72,303",12.4
61,Florida,Broward,8,21,011,12,29,Broward,"1,853,739","268,418",14.5,"1,881,018","263,607",14.0,"1,893,909","256,027",13.5,"1,921,125","252,288",13.1
62,Florida,Duval,17,44,031,12,61,Duval,"877,417","159,748",18.2,"892,610","142,660",16.0,"905,805","131,327",14.5,"917,347","138,069",15.1
63,Florida,Hendry,1,4,051,12,5,Hendry,"37,916","9,581",25.3,"38,536","9,945",25.8,"38,723","9,712",25.1,"39,777","9,525",23.9
64,Florida,Hernando,3,1,053,12,4,Hernando,"173,753","26,629",15.3,"176,355","25,217",14.3,"180,800","27,794",15.4,"184,489","25,773",14.0
65,Florida,Highlands,0,5,055,12,5,Highlands,"96,723","18,898",19.5,"97,987","22,419",22.9,"99,422","19,035",19.1,"101,379","20,051",19.8
66,Florida,Hillsborough,6,28,057,12,34,Hillsborough,"1,294,850","217,968",16.8,"1,326,696","209,040",15.8,"1,354,074","203,350",15.0,"1,387,130","214,442",15.5
67,Florida,Leon,1,3,073,12,4,Leon,"269,621","62,734",23.3,"272,136","59,366",21.8,"273,836","52,124",19.0,"277,128","50,010",18.0
68,Florida,Madison,0,5,079,12,5,Madison,"16,497","4,567",27.7,"16,434","4,437",27.0,"16,297","5,205",31.9,"16,400","4,633",28.3
69,Florida,Marion,1,5,083,12,6,Marion,"329,290","58,576",17.8,"333,294","62,271",18.7,"339,448","58,992",17.4,"344,876","55,880",16.2
70,Florida,Miami-Dade,17,124,086,12,141,Miami-Dade,"2,622,159","535,148",20.4,"2,653,251","529,850",20.0,"2,672,765","487,700",18.2,"2,712,068","452,649",16.7
71,Florida,Okaloosa,0,4,091,12,4,Okaloosa,"191,195","23,680",12.4,"193,850","21,966",11.3,"196,139","21,032",10.7,"198,039","21,667",10.9
72,Florida,Orange,62,105,095,12,167,Orange,"1,224,866","222,654",18.2,"1,259,523","196,882",15.6,"1,286,359","209,800",16.3,"1,321,373","201,528",15.3
73,Florida,Palm Beach,2,11,099,12,13,Palm Beach,"1,377,163","204,862",14.9,"1,402,201","189,355",13.5,"1,423,024","178,918",12.6,"1,450,165","170,868",11.8
74,Florida,Pasco,3,1,101,12,4,Pasco,"478,396","70,125",14.7,"490,909","71,760",14.6,"505,403","66,980",13.3,"518,599","67,635",13.0
75,Florida,Polk,4,4,105,12,8,Polk,"620,825","112,539",18.1,"636,253","109,907",17.3,"651,825","106,703",16.4,"671,851","107,844",16.1
76,Florida,Sarasota,2,2,115,12,4,Sarasota,"391,113","42,343",10.8,"399,726","38,874",9.7,"406,613","43,904",10.8,"413,101","38,065",9.2
77,Florida,Seminole,2,4,117,12,6,Seminole,"438,898","51,782",11.8,"445,555","51,205",11.5,"451,978","51,750",11.4,"459,203","51,321",11.2
78,Florida,Volusia,0,16,127,12,16,Volusia,"494,288","87,670",17.7,"504,437","82,326",16.3,"515,710","73,420",14.2,"524,637","79,877",15.2
79,Georgia,Baldwin,1,3,009,13,4,Baldwin,"40,042","11,809",29.5,"39,808","10,337",26.0,"39,471","10,273",26.0,"39,403","9,944",25.2
80,Georgia,Bibb,0,5,021,13,5,Bibb,"147,859","41,742",28.2,"147,557","39,343",26.7,"146,596","38,547",26.3,"146,799","36,728",25.0
81,Georgia,Burke,0,4,033,13,4,Burke,"22,376","6,968",31.1,"22,421","5,629",25.1,"22,389","5,986",26.7,"22,189","5,121",23.1
82,Georgia,Butts,4,0,035,13,4,Butts,"20,994","4,474",21.3,"20,887","3,959",19.0,"21,107","3,586",17.0,"21,294","3,889",18.3
83,Georgia,Chatham,2,20,051,13,22,Chatham,"269,434","48,234",17.9,"273,178","48,579",17.8,"275,383","45,636",16.6,"276,189","45,057",16.3
84,Georgia,Clarke,0,7,059,13,7,Clarke,"110,679","41,889",37.8,"112,266","42,773",38.1,"114,534","31,950",27.9,"116,831","31,067",26.6
85,Georgia,Clayton,0,6,063,13,6,Clayton,"262,086","60,123",22.9,"268,433","62,452",23.3,"274,081","57,057",20.8,"279,429","45,572",16.3
86,Georgia,Cobb,3,9,067,13,12,Cobb,"720,384","93,604",13.0,"732,187","83,213",11.4,"737,367","73,446",10.0,"744,869","71,120",9.5
87,Georgia,Colquitt,5,0,071,13,5,Colquitt,"45,249","11,982",26.5,"45,057","10,851",24.1,"44,930","11,252",25.0,"45,018","11,508",25.6
88,Georgia,Columbia,6,0,073,13,6,Columbia,"138,307","13,098",9.5,"143,078","13,355",9.3,"146,522","10,512",7.2,"150,527","9,942",6.6
89,Georgia,Cook,2,2,075,13,4,Cook,"17,036","4,438",26.1,"16,950","4,090",24.1,"16,990","4,268",25.1,"17,096","3,637",21.3
90,Georgia,Dougherty,2,3,095,13,5,Dougherty,"88,727","28,119",31.7,"87,880","25,847",29.4,"86,631","26,389",30.5,"86,301","24,373",28.2
91,Georgia,Douglas,5,2,097,13,7,Douglas,"137,087","19,423",14.2,"139,255","19,638",14.1,"140,561","18,191",12.9,"142,287","16,770",11.8
92,Georgia,Fayette,1,4,113,13,5,Fayette,"109,001","7,479",6.9,"110,007","7,665",7.0,"110,946","6,671",6.0,"111,823","6,424",5.7
93,Georgia,Floyd,1,3,115,13,4,Floyd,"91,968","19,408",21.1,"92,344","18,060",19.6,"92,543","14,596",15.8,"93,370","17,913",19.2
94,Georgia,Fulton,12,53,121,13,65,Fulton,"965,765","168,027",17.4,"979,383","156,705",16.0,"993,470","159,400",16.0,"1,009,694","149,652",14.8
95,Georgia,Gwinnett,9,5,135,13,14,Gwinnett,"870,439","116,888",13.4,"888,463","112,026",12.6,"899,907","102,033",11.3,"912,553","97,757",10.7
96,Georgia,Habersham,3,2,137,13,5,Habersham,"41,283","6,320",15.3,"41,458","6,891",16.6,"41,711","6,500",15.6,"42,002","5,585",13.3
97,Georgia,Houston,0,5,153,13,5,Houston,"147,101","25,310",17.2,"148,120","22,510",15.2,"150,237","22,347",14.9,"151,580","19,675",13.0
98,Georgia,Johnson,0,6,167,13,6,Johnson,"7,948","2,418",30.4,"7,851","2,372",30.2,"7,758","2,277",29.4,"8,047","2,333",29.0
99,Georgia,Meriwether,0,10,199,13,10,Meriwether,"20,919","4,931",23.6,"20,916","4,623",22.1,"20,797","4,417",21.2,"20,768","4,139",19.9
100,Georgia,Muscogee,1,20,215,13,21,Muscogee,"193,102","42,237",21.9,"192,329","42,678",22.2,"190,568","41,006",21.5,"187,703","42,476",22.6
101,Georgia,Richmond,1,3,245,13,4,Richmond,"190,761","49,562",26.0,"191,034","46,401",24.3,"190,859","48,929",25.6,"190,394","45,089",23.7
102,Georgia,Rockdale,3,2,247,13,5,Rockdale,"86,779","14,983",17.3,"87,862","14,009",15.9,"88,320","12,943",14.7,"89,242","12,585",14.1
103,Georgia,Troup,4,0,285,13,4,Troup,"67,083","13,099",19.5,"67,388","13,006",19.3,"67,572","13,731",20.3,"67,421","14,566",21.6
104,Georgia,Ware,2,2,299,13,4,Ware,"33,298","9,595",28.8,"33,201","9,420",28.4,"33,340","8,501",25.5,"33,404","7,354",22.0
105,Georgia,Worth,0,8,321,13,8,Worth,"20,724","4,692",22.6,"20,465","4,437",21.7,"20,514","4,334",21.1,"20,328","4,383",21.6
106,Illinois,Champaign,1,3,019,17,4,Champaign,"191,054","43,210",22.6,"192,759","38,751",20.1,"192,337","36,364",18.9,"193,338","37,106",19.2
107,Illinois,Cook,73,422,031,17,495,Cook,"5,156,535","883,001",17.1,"5,151,018","833,241",16.2,"5,117,078","770,091",15.0,"5,125,439","746,194",14.6
108,Illinois,Kane,0,5,089,17,5,Kane,"520,608","55,787",10.7,"524,491","56,882",10.8,"525,477","55,134",10.5,"528,489","48,756",9.2
109,Illinois,Kankakee,4,14,091,17,18,Kankakee,"106,826","15,667",14.7,"106,351","16,163",15.2,"105,506","14,958",14.2,"105,115","15,750",15.0
110,Illinois,Kendall,0,6,093,17,6,Kendall,"120,804","6,477",5.4,"122,890","5,950",4.8,"124,260","5,778",4.6,"125,795","5,993",4.8
111,Illinois,Macon,1,8,115,17,9,Macon,"104,540","17,003",16.3,"103,489","18,784",18.2,"102,666","17,760",17.3,"101,930","14,566",14.3
112,Illinois,Madison,0,10,119,17,10,Madison,"262,591","34,436",13.1,"262,369","33,734",12.9,"261,959","34,772",13.3,"261,652","37,768",14.4
113,Illinois,Peoria,1,3,143,17,4,Peoria,"181,943","30,408",16.7,"181,060","28,269",15.6,"179,863","27,254",15.2,"177,899","27,364",15.4
114,Illinois,St. Clair,3,14,163,17,17,St Clair,"260,762","49,691",19.1,"259,206","42,464",16.4,"257,925","39,745",15.4,"257,651","41,174",16.0
115,Illinois,Vermilion,0,9,183,17,9,Vermilion,"76,669","14,555",19.0,"76,197","14,028",18.4,"75,100","15,183",20.2,"74,901","14,553",19.4
116,Illinois,Whiteside,0,4,195,17,4,Whiteside,"55,672","6,771",12.2,"55,899","7,138",12.8,"55,370","6,586",11.9,"54,957","7,110",12.9
117,Illinois,Winnebago,7,16,201,17,23,Winnebago,"283,639","47,864",16.9,"282,321","41,541",14.7,"281,161","43,858",15.6,"280,092","39,766",14.2
118,Indiana,Allen,7,24,003,18,31,Allen,"359,294","54,597",15.2,"361,964","52,689",14.6,"363,941","54,642",15.0,"366,247","47,818",13.1
119,Indiana,Elkhart,0,4,039,18,4,Elkhart,"197,568","27,469",13.9,"199,149","27,906",14.0,"199,436","26,390",13.2,"200,584","21,670",10.8
120,Indiana,Howard,0,4,067,18,4,Howard,"81,511","13,655",16.8,"81,122","13,724",16.9,"81,137","12,011",14.8,"80,897","11,727",14.5
121,Indiana,Johnson,3,2,081,18,5,Johnson,"144,465","14,711",10.2,"146,612","11,720",8.0,"148,950","11,300",7.6,"150,793","13,267",8.8
122,Indiana,Lake,3,25,089,18,28,Lake,"483,033","85,233",17.6,"480,883","79,740",16.6,"478,864","79,529",16.6,"478,487","76,220",15.9
123,Indiana,Marion,14,34,097,18,48,Marion,"914,697","194,803",21.3,"919,791","189,323",20.6,"921,718","173,996",18.9,"930,165","163,573",17.6
124,Indiana,St. Joseph,1,11,141,18,12,St Joseph,"256,455","44,228",17.2,"257,361","42,922",16.7,"257,925","41,889",16.2,"259,108","41,378",16.0
125,Indiana,Vanderburgh,1,16,163,18,17,Vanderburgh,"174,903","30,984",17.7,"174,835","30,123",17.2,"174,572","30,462",17.4,"174,404","30,495",17.5
126,Indiana,Wayne,0,4,177,18,4,Wayne,"64,890","11,570",17.8,"64,252","11,556",18.0,"63,806","10,859",17.0,"63,399","10,521",16.6
127,Iowa,Polk,2,11,153,19,13,Polk,"450,285","58,971",13.1,"458,067","54,557",11.9,"464,422","50,628",10.9,"472,651","45,028",9.5
128,Iowa,Scott,0,5,163,19,5,Scott,"167,724","20,437",12.2,"168,549","20,823",12.4,"168,851","22,602",13.4,"169,048","19,061",11.3
129,Kansas,Douglas,3,2,045,20,5,Douglas,"107,909","20,961",19.4,"109,432","21,273",19.4,"110,784","17,501",15.8,"112,033","17,779",15.9
130,Kansas,Harvey,4,14,079,20,18,Harvey,"33,448","4,265",12.8,"33,723","3,156",9.4,"33,553","3,528",10.5,"33,148","3,021",9.1
131,Kansas,Sedgwick,2,6,173,20,8,Sedgwick,"501,234","73,532",14.7,"504,346","76,898",15.2,"504,645","75,334",14.9,"505,764","72,015",14.2
132,Kansas,Shawnee,6,9,177,20,15,Shawnee,"174,080","26,058",15.0,"174,509","24,840",14.2,"173,892","18,931",10.9,"173,746","20,386",11.7
133,Kansas,Wyandotte,8,5,209,20,13,Wyandotte,"159,978","39,074",24.4,"161,822","35,442",21.9,"162,228","31,432",19.4,"163,480","30,151",18.4
134,Kentucky,Clark,1,3,049,21,4,Clark,"35,200","5,615",16.0,"35,212","5,432",15.4,"35,271","5,618",15.9,"35,503","5,009",14.1
135,Kentucky,Fayette,2,7,067,21,9,Fayette,"298,088","59,007",19.8,"301,715","57,637",19.1,"304,684","54,406",17.9,"308,866","50,981",16.5
136,Kentucky,Jefferson,7,46,111,21,53,Jefferson,"744,186","124,850",16.8,"747,787","115,246",15.4,"749,420","111,467",14.9,"754,059","105,999",14.1
137,Kentucky,Pike,0,4,195,21,4,Pike,"61,261","16,796",27.4,"60,289","15,082",25.0,"58,803","18,486",31.4,"57,329","16,502",28.8
138,Kentucky,Trigg,4,0,221,21,4,Trigg,"14,030","2,218",15.8,"14,125","2,129",15.1,"14,155","2,046",14.5,"14,338","2,011",14.0
139,Louisiana,Caddo Parish,3,31,017,22,34,Caddo,"246,466","59,514",24.1,"245,428","54,405",22.2,"242,489","63,909",26.4,"240,524","62,114",25.8
140,Louisiana,Calcasieu Parish,1,3,019,22,4,Calcasieu,"193,231","35,591",18.4,"194,897","34,103",17.5,"196,417","39,035",19.9,"198,494","28,177",14.2
141,Louisiana,East Baton Rouge Parish,8,15,033,22,23,East Baton Rouge,"435,088","80,273",18.4,"435,962","80,662",18.5,"435,663","86,888",19.9,"435,384","82,191",18.9
142,Louisiana,Iberia Parish,0,4,045,22,4,Iberia,"72,782","14,132",19.4,"73,004","15,214",20.8,"72,065","16,885",23.4,"71,067","16,887",23.8
143,Louisiana,Jefferson Parish,3,5,051,22,8,Jefferson,"431,832","68,333",15.8,"432,563","70,484",16.3,"432,253","69,610",16.1,"435,196","74,274",17.1
144,Louisiana,Lafayette Parish,3,17,055,22,20,Lafayette,"230,517","34,809",15.1,"235,044","39,876",17.0,"236,014","42,781",18.1,"237,375","41,306",17.4
145,Louisiana,Lafourche Parish,1,3,057,22,4,Lafourche,"96,130","16,903",17.6,"96,473","13,612",14.1,"96,319","16,447",17.1,"96,552","15,279",15.8
146,Louisiana,Orleans Parish,24,129,071,22,153,Orleans,"372,364","103,855",27.9,"377,793","90,849",24.0,"379,192","91,421",24.1,"381,337","99,613",26.1
147,Louisiana,Ouachita Parish,2,3,073,22,5,Ouachita,"150,779","35,619",23.6,"151,273","34,836",23.0,"151,274","37,014",24.5,"150,367","37,173",24.7
148,Louisiana,St. Landry Parish,1,3,097,22,4,St Landry,"82,490","24,857",30.1,"82,668","22,326",27.0,"82,576","21,994",26.6,"82,295","21,032",25.6
149,Louisiana,St. Martin Parish,0,4,099,22,4,St Martin,"52,470","9,460",18.0,"53,013","9,693",18.3,"53,106","9,830",18.5,"53,333","10,246",19.2
150,Louisiana,St. Tammany Parish,1,4,103,22,5,St Tammany,"243,960","27,292",11.2,"248,314","31,138",12.5,"251,472","24,598",9.8,"254,481","28,338",11.1
151,Louisiana,Terrebonne Parish,1,3,109,22,4,Terrebonne,"111,525","23,321",20.9,"112,212","22,587",20.1,"111,298","23,521",21.1,"110,307","21,712",19.7
152,Maine,Somerset,4,1,025,23,5,Somerset,"50,259","8,681",17.3,"50,206","9,376",18.7,"50,036","9,749",19.5,"49,824","7,941",15.9
153,Maine,York,5,0,031,23,5,York,"197,320","22,134",11.2,"197,719","16,376",8.3,"199,031","16,132",8.1,"200,973","15,776",7.8
154,Maryland,Baltimore City,16,92,510,24,108,Baltimore city,"599,935","139,782",23.3,"598,175","135,850",22.7,"591,196","128,752",21.8,"588,693","130,267",22.1
155,Maryland,Harford,3,3,025,24,6,Harford,"247,323","19,664",8.0,"247,433","19,384",7.8,"248,267","17,769",7.2,"249,574","17,620",7.1
156,Maryland,Montgomery,4,6,031,24,10,Montgomery,"1,021,207","73,213",7.2,"1,030,486","77,657",7.5,"1,034,510","71,252",6.9,"1,050,411","73,280",7.0
157,Massachusetts,Berkshire,1,4,003,25,5,Berkshire,"122,953","16,037",13.0,"122,055","17,453",14.3,"121,275","13,182",10.9,"120,668","12,744",10.6
158,Massachusetts,Bristol,1,3,005,25,4,Bristol,"538,476","66,553",12.4,"541,304","68,378",12.6,"542,858","58,070",10.7,"546,210","60,780",11.1
159,Massachusetts,Hampden,0,4,013,25,4,Hampden,"453,257","80,178",17.7,"455,925","77,818",17.1,"453,604","74,898",16.5,"455,260","77,905",17.1
160,Massachusetts,Middlesex,0,5,017,25,5,Middlesex,"1,516,609","134,684",8.9,"1,531,483","116,761",7.6,"1,535,595","117,964",7.7,"1,548,357","124,404",8.0
161,Massachusetts,Plymouth,0,5,023,25,5,Plymouth,"495,206","42,124",8.5,"498,603","48,231",9.7,"501,917","39,977",8.0,"503,612","36,645",7.3
162,Massachusetts,Suffolk,3,30,025,25,33,Suffolk,"722,372","155,184",21.5,"733,077","144,867",19.8,"738,829","143,799",19.5,"752,328","134,360",17.9
163,Michigan,Berrien,3,6,021,26,9,Berrien,"151,847","26,842",17.7,"151,238","25,854",17.1,"150,642","25,215",16.7,"150,830","26,055",17.3
164,Michigan,Calhoun,0,4,025,26,4,Calhoun,"131,226","20,194",15.4,"130,655","21,068",16.1,"130,626","21,973",16.8,"130,266","24,904",19.1
165,Michigan,Genesee,2,18,049,26,20,Genesee,"407,075","87,632",21.5,"405,011","83,172",20.5,"403,020","81,761",20.3,"401,448","73,568",18.3
166,Michigan,Jackson,0,4,075,26,4,Jackson,"149,835","23,035",15.4,"149,798","24,317",16.2,"149,222","20,352",13.6,"149,463","19,950",13.3
167,Michigan,Kalamazoo,6,2,077,26,8,Kalamazoo,"250,336","47,221",18.9,"251,781","40,161",16.0,"253,431","42,141",16.6,"254,717","35,561",14.0
168,Michigan,Kent,1,8,081,26,9,Kent,"618,613","94,696",15.3,"625,466","90,457",14.5,"631,308","76,343",12.1,"637,314","66,316",10.4
169,Michigan,Macomb,0,4,099,26,4,Macomb,"851,750","104,347",12.3,"856,421","99,879",11.7,"859,419","94,224",11.0,"862,478","96,264",11.2
170,Michigan,Oakland,3,9,125,26,12,Oakland,"1,226,166","122,452",10.0,"1,229,975","114,976",9.3,"1,231,554","106,650",8.7,"1,237,507","95,968",7.8
171,Michigan,Saginaw,0,5,145,26,5,Saginaw,"188,308","32,739",17.4,"186,590","34,758",18.6,"185,696","33,068",17.8,"185,178","32,447",17.5
172,Michigan,Wayne,20,106,163,26,126,Wayne,"1,744,873","419,820",24.1,"1,739,083","430,851",24.8,"1,729,412","395,250",22.9,"1,732,477","392,205",22.6
173,Minnesota,Hennepin,8,58,053,27,66,Hennepin,"1,190,018","154,785",13.0,"1,201,524","130,801",10.9,"1,210,284","132,137",10.9,"1,229,261","129,217",10.5
174,Minnesota,Ramsey,4,1,123,27,5,Ramsey,"516,956","85,264",16.5,"522,636","78,920",15.1,"524,991","73,203",13.9,"532,318","74,390",14.0
175,Minnesota,Rice,0,4,131,27,4,Rice,"57,949","7,510",13.0,"58,238","5,353",9.2,"58,426","5,673",9.7,"58,756","6,499",11.1
176,Mississippi,Attala,0,4,007,28,4,Attala,"18,827","4,449",23.6,"18,714","4,290",22.9,"18,598","4,428",23.8,"18,150","4,378",24.1
177,Mississippi,Bolivar,0,5,011,28,5,Bolivar,"32,045","10,882",34.0,"31,524","11,380",36.1,"30,936","10,927",35.3,"30,164","9,765",32.4
178,Mississippi,Harrison,2,4,047,28,6,Harrison,"193,260","36,288",18.8,"195,833","43,019",22.0,"197,724","40,472",20.5,"199,610","39,266",19.7
179,Mississippi,Hinds,6,9,049,28,15,Hinds,"235,500","55,541",23.6,"234,048","63,361",27.1,"232,294","48,244",20.8,"230,712","46,575",20.2
180,Mississippi,Jackson,0,5,059,28,5,Jackson,"139,565","21,723",15.6,"139,960","22,511",16.1,"139,729","24,525",17.6,"140,602","20,359",14.5
181,Mississippi,Lauderdale,4,4,075,28,8,Lauderdale,"75,794","16,466",21.7,"74,906","16,497",22.0,"74,027","17,531",23.7,"72,649","14,922",20.5
182,Mississippi,Lincoln,11,10,085,28,21,Lincoln,"34,144","7,392",21.6,"34,030","6,798",20.0,"33,892","6,763",20.0,"33,734","6,136",18.2
183,Mississippi,Montgomery,3,1,097,28,4,Montgomery,"10,287","2,536",24.7,"10,041","2,593",25.8,"10,073","2,433",24.2,"10,062","2,335",23.2
184,Mississippi,Oktibbeha,0,5,105,28,5,Oktibbeha,"44,538","13,295",29.9,"45,042","12,193",27.1,"45,055","12,741",28.3,"45,043","11,489",25.5
185,Mississippi,Panola,2,2,107,28,4,Panola,"34,187","8,863",25.9,"33,918","8,417",24.8,"33,903","7,699",22.7,"33,750","7,668",22.7
186,Mississippi,Pike,1,4,113,28,5,Pike,"39,122","11,942",30.5,"39,070","11,751",30.1,"38,764","11,649",30.1,"38,590","10,796",28.0
187,Mississippi,Scott,1,3,123,28,4,Scott,"28,149","7,580",26.9,"27,961","6,079",21.7,"27,891","6,303",22.6,"28,116","6,154",21.9
188,Mississippi,Tishomingo,2,3,141,28,5,Tishomingo,"19,071","3,385",17.7,"19,208","3,281",17.1,"19,141","3,362",17.6,"19,201","3,437",17.9
189,Mississippi,Warren,1,8,149,28,9,Warren,"47,378","10,290",21.7,"46,891","10,148",21.6,"46,531","11,200",24.1,"46,181","9,873",21.4
190,Mississippi,Wayne,1,4,153,28,5,Wayne,"20,340","5,032",24.7,"20,419","4,999",24.5,"20,326","5,145",25.3,"20,301","4,661",23.0
191,Mississippi,Yazoo,4,0,163,28,4,Yazoo,"23,416","8,112",34.6,"23,258","7,943",34.2,"23,117","8,053",34.8,"22,914","7,775",33.9
192,Missouri,Boone,0,4,019,29,4,Boone,"163,316","31,804",19.5,"165,644","29,347",17.7,"167,266","27,774",16.6,"168,845","25,432",15.1
193,Missouri,Greene,4,0,077,29,4,Greene,"274,098","56,481",20.6,"276,445","48,993",17.7,"277,062","45,710",16.5,"278,004","45,036",16.2
194,Missouri,Jackson,6,29,095,29,35,Jackson,"671,929","111,130",16.5,"677,039","119,421",17.6,"681,112","105,697",15.5,"687,745","94,910",13.8
195,Missouri,Jasper,0,4,097,29,4,Jasper,"114,530","22,445",19.6,"115,648","18,467",16.0,"116,167","20,301",17.5,"117,190","19,719",16.8
196,Missouri,Pemiscot,1,6,155,29,7,Pemiscot,"17,386","4,998",28.7,"17,230","4,830",28.0,"16,825","5,198",30.9,"16,568","4,369",26.4
197,Missouri,Platte,4,0,165,29,4,Platte,"93,712","6,487",6.9,"95,072","7,191",7.6,"97,281","5,915",6.1,"100,088","6,187",6.2
198,Missouri,St. Louis,6,18,189,29,24,St Louis,"981,129","93,882",9.6,"983,149","101,692",10.3,"978,418","90,126",9.2,"976,021","97,993",10.0
199,Missouri,St. Louis City,18,83,189,29,101,St Louis,"981,129","93,882",9.6,"983,149","101,692",10.3,"978,418","90,126",9.2,"976,021","97,993",10.0
200,Missouri,Texas,8,1,215,29,9,Texas,"23,668","5,097",21.5,"23,726","5,524",23.3,"23,815","7,130",29.9,"23,768","5,041",21.2
201,Montana,Big Horn,3,2,003,30,5,Big Horn,"13,119","4,016",30.6,"13,085","4,050",31.0,"13,202","3,368",25.5,"13,187","3,535",26.8
202,Montana,Powell,5,0,077,30,5,Powell,"5,354","1,083",20.2,"5,290",956,18.1,"5,299",929,17.5,"5,217",973,18.7
203,Nebraska,Douglas,5,12,055,31,17,Douglas,"530,872","74,169",14.0,"537,725","77,869",14.5,"541,796","67,359",12.4,"548,790","62,619",11.4
204,Nevada,Clark,69,465,003,32,534,Clark,"2,045,642","318,965",15.6,"2,089,026","321,755",15.4,"2,128,461","311,352",14.6,"2,176,532","305,802",14.0
205,New Jersey,Atlantic,2,8,001,34,10,Atlantic,"269,327","40,761",15.1,"268,346","37,923",14.1,"265,176","37,734",14.2,"264,046","38,092",14.4
206,New Jersey,Burlington,0,8,005,34,8,Burlington,"437,260","31,331",7.2,"437,201","33,675",7.7,"436,410","27,083",6.2,"436,539","28,202",6.5
207,New Jersey,Camden,1,3,007,34,4,Camden,"503,624","65,551",13.0,"503,517","65,805",13.1,"502,527","60,385",12.0,"503,260","58,696",11.7
208,New Jersey,Cumberland,0,5,011,34,5,Cumberland,"144,988","28,287",19.5,"143,842","24,740",17.2,"142,953","26,321",18.4,"142,282","26,129",18.4
209,New Jersey,Essex,13,49,013,34,62,Essex,"777,220","130,059",16.7,"778,636","131,125",16.8,"778,341","126,492",16.3,"789,507","123,806",15.7
210,New Jersey,Hudson,1,15,017,34,16,Hudson,"660,143","117,129",17.7,"665,800","117,828",17.7,"669,065","104,660",15.6,"682,524","96,125",14.1
211,New Jersey,Mercer,2,17,021,34,19,Mercer,"352,681","41,715",11.8,"352,523","39,354",11.2,"351,110","39,066",11.1,"355,007","40,622",11.4
212,New Jersey,Monmouth,4,0,025,34,4,Monmouth,"622,489","51,001",8.2,"621,887","46,641",7.5,"619,080","43,866",7.1,"620,015","45,085",7.3
213,New Jersey,Ocean,0,4,029,34,4,Ocean,"578,221","68,832",11.9,"580,616","63,101",10.9,"584,435","64,493",11.0,"589,940","60,406",10.2
214,New Jersey,Passaic,2,14,031,34,16,Passaic,"498,640","90,553",18.2,"500,680","86,457",17.3,"497,820","85,671",17.2,"502,332","82,865",16.5
215,New Jersey,Union,1,7,039,34,8,Union,"546,034","60,679",11.1,"548,859","58,384",10.6,"548,808","58,425",10.6,"557,057","52,052",9.3
216,New Mexico,Bernalillo,8,16,001,35,24,Bernalillo,"665,008","124,091",18.7,"665,940","126,614",19.0,"665,935","107,909",16.2,"665,058","97,103",14.6
217,New Mexico,Chaves,8,1,005,35,9,Chaves,"64,174","14,988",23.4,"64,042","13,499",21.1,"63,529","13,974",22.0,"63,032","11,885",18.9
218,New Mexico,Curry,2,4,009,35,6,Curry,"49,435","9,472",19.2,"48,845","10,597",21.7,"48,678","9,216",18.9,"48,157","9,114",18.9
219,New Mexico,Rio Arriba,5,0,039,35,5,Rio Arriba,"39,490","9,503",24.1,"39,165","9,486",24.2,"39,719","8,953",22.5,"38,793","11,221",28.9
220,New York,Albany,5,3,001,36,8,Albany,"292,263","39,589",13.5,"293,419","36,827",12.6,"293,097","35,585",12.1,"293,785","33,186",11.3
221,New York,Bronx,2,35,005,36,37,Bronx,"1,400,255","440,989",31.5,"1,418,250","430,291",30.3,"1,418,238","405,516",28.6,"1,434,186","400,473",27.9
222,New York,Chemung,0,5,015,36,5,Chemung,"82,794","15,101",18.2,"82,379","12,278",14.9,"81,577","12,390",15.2,"80,950","12,391",15.3
223,New York,Erie,4,22,029,36,26,Erie,"896,953","136,135",15.2,"896,928","139,581",15.6,"895,223","126,912",14.2,"899,937","130,831",14.5
224,New York,Kings,3,69,047,36,72,Kings,"2,595,041","607,086",23.4,"2,610,863","581,684",22.3,"2,602,147","535,092",20.6,"2,622,531","518,422",19.8
225,New York,Monroe,11,31,055,36,42,Monroe,"726,325","103,280",14.2,"726,086","107,747",14.8,"723,936","106,742",14.7,"724,216","105,493",14.6
226,New York,New York,1,29,061,36,30,New York,"1,585,668","280,877",17.7,"1,593,702","280,715",17.6,"1,592,914","274,651",17.2,"1,614,170","262,605",16.3
227,New York,Oneida,0,5,065,36,5,Oneida,"220,442","38,971",17.7,"220,001","39,680",18.0,"218,780","35,553",16.3,"218,961","35,154",16.1
228,New York,Onondaga,0,14,067,36,14,Onondaga,"451,959","72,873",16.1,"452,088","66,114",14.6,"449,895","65,822",14.6,"449,107","61,647",13.7
229,New York,Orange,3,13,071,36,16,Orange,"365,637","49,122",13.4,"367,321","44,395",12.1,"368,757","46,624",12.6,"371,801","40,379",10.9
230,New York,Queens,5,20,081,36,25,Queens,"2,295,508","352,481",15.4,"2,313,637","320,712",13.9,"2,306,541","307,866",13.3,"2,332,646","285,222",12.2
231,New York,Rensselaer,0,5,083,36,5,Rensselaer,"153,997","19,990",13.0,"154,485","18,537",12.0,"154,322","17,978",11.6,"153,994","17,698",11.5
232,New York,Suffolk,3,5,103,36,8,Suffolk,"1,474,410","113,319",7.7,"1,473,493","114,849",7.8,"1,464,556","111,341",7.6,"1,465,198","102,014",7.0
233,New York,Westchester,1,5,119,36,6,Westchester,"947,290","98,067",10.4,"951,666","96,580",10.1,"949,697","95,327",10.0,"955,780","81,192",8.5
234,North Carolina,Anson,0,4,007,37,4,Anson,"23,408","5,860",25.0,"22,987","5,798",25.2,"22,764","5,716",25.1,"22,728","5,039",22.2
235,North Carolina,Catawba,3,1,035,37,4,Catawba,"152,224","24,642",16.2,"152,624","23,050",15.1,"153,929","19,537",12.7,"155,573","19,427",12.5
236,North Carolina,Cumberland,5,13,051,37,18,Cumberland,"317,506","55,792",17.6,"315,624","59,320",18.8,"317,488","59,570",18.8,"315,788","58,888",18.6
237,North Carolina,Durham,0,8,063,37,8,Durham,"282,315","46,899",16.6,"288,571","49,310",17.1,"293,692","47,269",16.1,"299,038","47,090",15.7
238,North Carolina,Edgecombe,0,8,065,37,8,Edgecombe,"53,740","13,925",25.9,"52,967","14,742",27.8,"52,448","12,514",23.9,"51,906","13,222",25.5
239,North Carolina,Forsyth,0,4,067,37,4,Forsyth,"355,076","69,871",19.7,"358,223","64,966",18.1,"360,547","62,994",17.5,"365,758","60,638",16.6
240,North Carolina,Gaston,2,3,071,37,5,Gaston,"207,802","34,776",16.7,"210,101","36,243",17.3,"213,448","33,562",15.7,"216,831","32,751",15.1
241,North Carolina,Guilford,1,6,081,37,7,Guilford,"497,238","86,041",17.3,"502,022","78,783",15.7,"504,906","92,205",18.3,"511,022","73,862",14.5
242,North Carolina,Johnston,0,5,101,37,5,Johnston,"179,460","27,504",15.3,"183,883","23,887",13.0,"189,287","25,065",13.2,"194,775","29,365",15.1
243,North Carolina,Mecklenburg,2,33,119,37,35,Mecklenburg,"996,248","151,386",15.2,"1,017,889","145,693",14.3,"1,037,364","127,889",12.3,"1,060,485","120,634",11.4
244,North Carolina,Nash,4,4,127,37,8,Nash,"92,531","16,796",18.2,"92,033","16,648",18.1,"92,034","15,151",16.5,"92,049","14,560",15.8
245,North Carolina,New Hanover,2,7,129,37,9,New Hanover,"210,155","37,908",18.0,"213,954","36,967",17.3,"217,132","37,472",17.3,"221,067","34,283",15.5
246,North Carolina,Pasquotank,0,4,139,37,4,Pasquotank,"37,203","6,978",18.8,"37,404","7,132",19.1,"37,648","6,395",17.0,"37,527","7,579",20.2
247,North Carolina,Rockingham,0,7,157,37,7,Rockingham,"90,626","17,540",19.4,"90,677","16,699",18.4,"90,281","16,352",18.1,"89,912","14,628",16.3
248,North Carolina,Rowan,2,3,159,37,5,Rowan,"134,300","24,137",18.0,"134,569","23,342",17.3,"135,330","22,283",16.5,"136,143","20,790",15.3
249,North Carolina,Wake,1,3,183,37,4,Wake,"978,477","112,936",11.5,"1,003,351","111,299",11.1,"1,025,625","94,001",9.2,"1,052,109","93,924",8.9
250,North Carolina,Wilson,4,0,195,37,4,Wilson,"79,773","19,057",23.9,"80,127","15,955",19.9,"79,960","17,798",22.3,"80,085","14,481",18.1
251,Ohio,Butler,2,10,017,39,12,Butler,"362,175","52,128",14.4,"364,168","52,356",14.4,"364,809","45,165",12.4,"367,757","39,242",10.7
252,Ohio,Clark,1,3,023,39,4,Clark,"133,268","24,315",18.2,"132,656","20,019",15.1,"131,469","20,643",15.7,"130,590","20,082",15.4
253,Ohio,Columbiana,0,4,029,39,4,Columbiana,"101,664","16,171",15.9,"100,785","14,814",14.7,"99,609","17,130",17.2,"99,025","14,948",15.1
254,Ohio,Cuyahoga,19,54,035,39,73,Cuyahoga,"1,233,072","241,829",19.6,"1,229,007","224,256",18.2,"1,221,329","223,636",18.3,"1,220,999","221,287",18.1
255,Ohio,Erie,0,7,043,39,7,Erie,"74,275","10,343",13.9,"74,002","9,422",12.7,"73,515","9,171",12.5,"73,245","9,065",12.4
256,Ohio,Franklin,11,21,049,39,32,Franklin,"1,203,079","208,629",17.3,"1,223,013","208,972",17.1,"1,234,975","205,476",16.6,"1,259,477","201,260",16.0
257,Ohio,Hamilton,8,57,061,39,65,Hamilton,"787,642","138,939",17.6,"788,290","130,935",16.6,"788,945","126,002",16.0,"793,012","128,431",16.2
258,Ohio,Lawrence,4,0,087,39,4,Lawrence,"60,801","10,643",17.5,"60,295","12,680",21.0,"60,017","10,771",17.9,"59,416","11,563",19.5
259,Ohio,Lucas,1,11,095,39,12,Lucas,"425,588","87,923",20.7,"424,044","82,814",19.5,"422,296","83,600",19.8,"421,533","75,376",17.9
260,Ohio,Mahoning,0,4,099,39,4,Mahoning,"225,659","42,601",18.9,"224,419","37,640",16.8,"222,264","41,625",18.7,"221,616","40,879",18.4
261,Ohio,Montgomery,3,20,113,39,23,Montgomery,"518,583","101,914",19.7,"517,645","91,879",17.7,"515,981","93,949",18.2,"516,674","81,984",15.9
262,Ohio,Pike,8,0,131,39,8,Pike,"27,695","6,061",21.9,"27,657","5,907",21.4,"27,579","5,660",20.5,"27,699","5,536",20.0
263,Ohio,Richland,0,5,139,39,5,Richland,"114,673","18,246",15.9,"114,279","17,265",15.1,"113,621","17,904",15.8,"113,588","15,169",13.4
264,Ohio,Sandusky,3,1,143,39,4,Sandusky,"59,084","8,592",14.5,"58,594","7,142",12.2,"58,207","6,750",11.6,"58,092","6,477",11.1
265,Ohio,Stark,0,4,151,39,4,Stark,"366,698","54,744",14.9,"366,173","48,889",13.4,"364,454","48,072",13.2,"363,461","51,852",14.3
266,Ohio,Summit,2,7,153,39,9,Summit,"532,420","71,490",13.4,"532,489","76,554",14.4,"530,477","72,687",13.7,"531,580","68,434",12.9
267,Ohio,Trumbull,2,3,155,39,5,Trumbull,"200,866","34,593",17.2,"199,557","35,069",17.6,"197,443","34,839",17.6,"196,061","30,109",15.4
268,Oklahoma,Carter,2,5,019,40,7,Carter,"47,785","7,870",16.5,"47,694","7,776",16.3,"47,579","7,799",16.4,"47,184","8,014",17.0
269,Oklahoma,Oklahoma,2,15,109,40,17,Oklahoma,"750,143","134,346",17.9,"761,431","123,515",16.2,"767,864","124,834",16.3,"772,365","122,953",15.9
270,Oklahoma,Tulsa,1,14,143,40,15,Tulsa,"618,147","91,246",14.8,"628,267","99,650",15.9,"632,189","99,417",15.7,"635,152","91,757",14.4
271,Oregon,Douglas,10,9,019,41,19,Douglas,"105,676","21,001",19.9,"106,390","20,707",19.5,"107,195","16,692",15.6,"107,994","16,135",14.9
272,Oregon,Marion,4,5,047,41,9,Marion,"316,326","56,064",17.7,"320,889","53,817",16.8,"326,994","44,581",13.6,"331,665","50,264",15.2
273,Oregon,Multnomah,1,12,051,41,13,Multnomah,"761,749","141,562",18.6,"775,237","121,528",15.7,"784,745","111,262",14.2,"792,245","114,241",14.4
274,Pennsylvania,Allegheny,12,53,003,42,65,Allegheny,"1,196,677","157,151",13.1,"1,195,809","145,454",12.2,"1,190,742","137,017",11.5,"1,189,905","132,929",11.2
275,Pennsylvania,Berks,5,4,011,42,9,Berks,"401,903","57,336",14.3,"403,399","50,814",12.6,"402,917","52,766",13.1,"406,362","47,405",11.7
276,Pennsylvania,Cambria,0,4,021,42,4,Cambria,"131,639","20,177",15.3,"130,368","19,450",14.9,"128,821","20,033",15.6,"127,433","19,126",15.0
277,Pennsylvania,Delaware,1,16,045,42,17,Delaware,"541,783","59,610",11.0,"542,699","56,493",10.4,"542,088","58,546",10.8,"543,490","53,255",9.8
278,Pennsylvania,Erie,2,5,049,42,7,Erie,"265,705","43,476",16.4,"265,308","45,339",17.1,"263,506","41,331",15.7,"262,211","41,288",15.7
279,Pennsylvania,Lycoming,0,5,081,42,5,Lycoming,"110,982","17,789",16.0,"110,488","16,377",14.8,"109,836","16,033",14.6,"108,521","13,968",12.9
280,Pennsylvania,Montgomery,7,0,091,42,7,Montgomery,"795,633","56,743",7.1,"798,294","52,939",6.6,"800,766","49,697",6.2,"805,261","47,041",5.8
281,Pennsylvania,Philadelphia,14,103,101,42,117,Philadelphia,"1,509,769","389,485",25.8,"1,517,222","385,781",25.4,"1,517,920","384,148",25.3,"1,531,792","388,221",25.3
282,Pennsylvania,York,0,4,133,42,4,York,"431,614","44,232",10.2,"433,660","45,255",10.4,"434,459","42,508",9.8,"436,957","40,966",9.4
283,Rhode Island,Providence,0,9,007,44,9,Providence,"605,860","110,850",18.3,"607,253","104,385",17.2,"607,580","96,214",15.8,"610,936","90,056",14.7
284,South Carolina,Aiken,1,3,003,45,4,Aiken,"162,223","26,875",16.6,"163,135","29,497",18.1,"165,117","28,039",17.0,"165,738","24,465",14.8
285,South Carolina,Allendale,1,3,005,45,4,Allendale,"8,346","3,328",39.9,"8,081","3,312",41.0,"7,886","3,013",38.2,"7,889","2,892",36.7
286,South Carolina,Anderson,8,5,007,45,13,Anderson,"189,695","31,752",16.7,"191,268","32,807",17.2,"193,351","29,703",15.4,"195,615","28,083",14.4
287,South Carolina,Bamberg,0,4,009,45,4,Bamberg,"14,185","4,209",29.7,"13,871","4,534",32.7,"13,695","3,885",28.4,"13,682","3,631",26.5
288,South Carolina,Charleston,13,12,019,45,25,Charleston,"370,438","62,336",16.8,"378,449","56,459",14.9,"385,834","57,691",15.0,"390,420","51,780",13.3
289,South Carolina,Colleton,4,8,029,45,12,Colleton,"37,315","8,566",23.0,"37,234","8,601",23.1,"37,471","8,774",23.4,"37,150","8,325",22.4
290,South Carolina,Darlington,1,4,031,45,5,Darlington,"66,374","16,800",25.3,"66,059","14,194",21.5,"65,807","13,878",21.1,"65,808","14,391",21.9
291,South Carolina,Dorchester,0,4,035,45,4,Dorchester,"146,049","18,717",12.8,"149,981","20,380",13.6,"151,468","14,329",9.5,"154,146","15,362",10.0
292,South Carolina,Greenwood,0,4,047,45,4,Greenwood,"67,042","14,844",22.1,"67,399","12,878",19.1,"67,802","14,687",21.7,"67,918","12,431",18.3
293,South Carolina,Horry,4,22,051,45,26,Horry,"295,238","52,066",17.6,"305,303","50,839",16.7,"317,945","47,767",15.0,"328,751","52,862",16.1
294,South Carolina,Orangeburg,5,4,075,45,9,Orangeburg,"86,823","26,705",30.8,"85,855","20,575",24.0,"84,853","19,239",22.7,"84,364","20,595",24.4
295,South Carolina,Richland,0,16,079,45,16,Richland,"371,666","59,816",16.1,"375,636","59,495",15.8,"378,359","61,910",16.4,"380,408","64,234",16.9
296,South Dakota,Charles Mix,6,0,023,46,6,Charles Mix,"8,861","2,128",24.0,"8,956","2,088",23.3,"8,978","1,951",21.7,"8,978","2,238",24.9
297,South Dakota,Roberts,4,1,109,46,5,Roberts,"10,149","2,074",20.4,"10,087","2,017",20.0,"10,042","1,801",17.9,"10,029","1,763",17.6
298,Tennessee,Crockett,0,6,033,47,6,Crockett,"14,429","2,740",19.0,"14,367","2,743",19.1,"14,172","2,491",17.6,"14,241","2,525",17.7
299,Tennessee,Davidson,2,23,037,47,25,Davidson,"643,380","128,113",19.9,"653,237","111,678",17.1,"658,588","99,415",15.1,"665,606","97,343",14.6
300,Tennessee,Dyer,1,7,045,47,8,Dyer,"37,299","7,324",19.6,"37,269","8,374",22.5,"37,069","7,402",20.0,"36,845","6,360",17.3
301,Tennessee,Hamilton,10,19,065,47,29,Hamilton,"341,425","54,383",15.9,"344,737","52,287",15.2,"348,581","47,050",13.5,"352,276","44,007",12.5
302,Tennessee,Hardin,0,4,071,47,4,Hardin,"25,467","5,536",21.7,"25,359","5,760",22.7,"25,273","5,438",21.5,"25,450","4,753",18.7
303,Tennessee,Haywood,0,10,075,47,10,Haywood,"17,953","4,428",24.7,"17,797","4,009",22.5,"17,621","3,530",20.0,"17,351","3,573",20.6
304,Tennessee,Knox,1,4,093,47,5,Knox,"436,362","77,218",17.7,"439,239","68,679",15.6,"443,823","65,480",14.8,"449,727","62,320",13.9
305,Tennessee,Madison,0,4,113,47,4,Madison,"93,858","19,635",20.9,"93,321","16,874",18.1,"93,329","17,777",19.0,"93,361","16,341",17.5
306,Tennessee,Maury,0,5,119,47,5,Maury,"84,278","13,026",15.5,"86,541","11,432",13.2,"88,715","10,204",11.5,"90,935","9,474",10.4
307,Tennessee,Montgomery,2,17,125,47,19,Montgomery,"185,913","25,803",13.9,"189,494","25,378",13.4,"191,572","24,640",12.9,"195,906","25,124",12.8
308,Tennessee,Rutherford,0,5,149,47,5,Rutherford,"283,064","41,601",14.7,"293,052","32,601",11.1,"302,590","31,097",10.3,"311,520","31,372",10.1
309,Tennessee,Shelby,13,102,157,47,115,Shelby,"919,773","211,505",23.0,"919,589","186,186",20.2,"915,573","190,199",20.8,"918,282","173,777",18.9
310,Tennessee,Sullivan,4,6,163,47,10,Sullivan,"154,575","28,608",18.5,"154,362","25,241",16.4,"154,181","25,304",16.4,"154,737","24,258",15.7
311,Texas,Bastrop,4,1,021,48,5,Bastrop,"75,533","11,069",14.7,"77,967","9,919",12.7,"80,248","10,632",13.2,"82,253","9,462",11.5
312,Texas,Bell,10,20,027,48,30,Bell,"320,554","45,622",14.2,"326,186","51,728",15.9,"331,481","42,739",12.9,"337,950","46,542",13.8
313,Texas,Bexar,6,32,029,48,38,Bexar,"1,812,930","331,898",18.3,"1,853,569","288,976",15.6,"1,884,633","306,859",16.3,"1,914,735","299,023",15.6
314,Texas,Cameron,0,4,061,48,4,Cameron,"416,030","143,568",34.5,"417,815","133,508",32.0,"418,377","121,665",29.1,"419,941","116,191",27.7
315,Texas,Collin,9,5,085,48,14,Collin,"880,191","62,032",7.0,"908,888","59,993",6.6,"934,232","58,619",6.3,"963,885","56,725",5.9
316,Texas,Dallas,19,52,113,48,71,Dallas,"2,483,159","480,160",19.3,"2,518,578","451,795",17.9,"2,539,295","413,956",16.3,"2,582,222","382,477",14.8
317,Texas,Denton,3,1,121,48,4,Denton,"742,300","64,947",8.7,"769,305","61,186",8.0,"794,448","65,057",8.2,"823,874","58,411",7.1
318,Texas,El Paso,1,9,141,48,10,El Paso,"817,198","190,846",23.4,"819,175","165,987",20.3,"821,503","186,707",22.7,"824,863","172,972",21.0
319,Texas,Harris,42,89,201,48,131,Harris,"4,393,004","759,184",17.3,"4,487,784","744,712",16.6,"4,539,233","752,261",16.6,"4,601,205","733,605",15.9
320,Texas,Hidalgo,2,9,215,48,11,Hidalgo,"822,418","275,840",33.5,"833,542","259,506",31.1,"841,036","262,028",31.2,"851,869","251,593",29.5
321,Texas,Lubbock,0,13,303,48,13,Lubbock,"282,799","49,964",17.7,"287,355","57,631",20.1,"291,276","55,089",18.9,"293,522","55,533",18.9
322,Texas,Nueces,3,5,355,48,8,Nueces,"350,265","58,798",16.8,"353,582","70,336",19.9,"354,639","53,441",15.1,"354,483","57,008",16.1
323,Texas,Potter,0,4,375,48,4,Potter,"114,767","24,669",21.5,"114,649","25,687",22.4,"113,921","25,040",22.0,"113,497","21,038",18.5
324,Texas,Smith,1,3,423,48,4,Smith,"214,432","38,908",18.1,"217,724","34,786",16.0,"220,125","34,487",15.7,"222,543","34,767",15.6
325,Texas,Starr,2,2,427,48,4,Starr,"62,107","21,981",35.4,"62,939","19,463",30.9,"63,258","25,257",39.9,"63,579","20,344",32.0
326,Texas,Tarrant,6,32,439,48,38,Tarrant,"1,920,269","291,534",15.2,"1,956,980","255,993",13.1,"1,989,810","270,348",13.6,"2,025,806","234,362",11.6
327,Texas,Travis,7,20,453,48,27,Travis,"1,128,678","188,959",16.7,"1,154,396","152,195",13.2,"1,177,093","143,948",12.2,"1,204,389","139,071",11.5
328,Texas,Webb,2,3,479,48,5,Webb,"263,186","85,109",32.3,"266,165","81,276",30.5,"267,730","85,150",31.8,"271,240","74,061",27.3
329,Texas,Williamson,2,3,491,48,5,Williamson,"482,919","37,898",7.8,"502,158","32,903",6.6,"522,006","30,201",5.8,"540,715","32,931",6.1
330,Texas,Wilson,27,20,493,48,47,Wilson,"45,735","5,029",11.0,"46,851","4,401",9.4,"47,826","4,958",10.4,"48,621","4,414",9.1
331,Utah,Salt Lake,3,8,035,49,11,Salt Lake,"1,076,201","128,385",11.9,"1,090,252","117,311",10.8,"1,105,965","104,297",9.4,"1,119,443","103,384",9.2
332,Utah,Utah,5,0,049,49,5,Utah,"549,589","69,472",12.6,"563,599","70,537",12.5,"579,593","66,112",11.4,"593,654","62,063",10.5
333,Vermont,Washington,4,0,023,50,4,Washington,"56,727","6,224",11.0,"56,285","5,213",9.3,"56,251","6,080",10.8,"56,095","5,252",9.4
334,Virginia,Alexandria City,1,5,510,51,6,Alexandria city,"148,760","14,266",9.6,"151,652","13,832",9.1,"153,877","16,096",10.5,"158,127","15,922",10.1
335,Virginia,Brunswick,0,7,025,51,7,Brunswick,"14,633","3,205",21.9,"14,507","3,212",22.1,"14,361","3,275",22.8,"14,356","3,093",21.5
336,Virginia,Chesapeake City,6,5,550,51,11,Chesapeake city,"228,541","22,416",9.8,"230,553","22,442",9.7,"233,129","20,071",8.6,"235,613","21,928",9.3
337,Virginia,Culpeper,5,0,047,51,5,Culpeper,"47,503","5,219",11.0,"47,888","4,897",10.2,"48,484","4,766",9.8,"49,666","4,900",9.9
338,Virginia,Gloucester,1,3,073,51,4,Gloucester,"36,652","3,539",9.7,"36,644","3,402",9.3,"36,741","3,449",9.4,"36,828","3,598",9.8
339,Virginia,Halifax,0,5,083,51,5,Halifax,"34,387","6,180",18.0,"34,303","5,791",16.9,"34,159","6,380",18.7,"33,745","6,036",17.9
340,Virginia,Hampton City,1,4,650,51,5,Hampton city,"132,722","20,149",15.2,"131,786","20,072",15.2,"130,575","21,458",16.4,"129,566","20,069",15.5
341,Virginia,Henrico,1,8,087,51,9,Henrico,"319,063","34,985",11.0,"322,195","30,037",9.3,"323,260","29,583",9.2,"324,682","30,836",9.5
342,Virginia,Hopewell City,0,4,670,51,4,Hopewell city,"21,854","4,268",19.5,"22,027","4,531",20.6,"22,366","4,630",20.7,"22,270","4,434",19.9
343,Virginia,Lynchburg City,1,3,680,51,4,Lynchburg city,"68,750","17,175",25.0,"69,032","15,975",23.1,"69,350","12,336",17.8,"69,931","13,132",18.8
344,Virginia,Newport News City,0,9,700,51,9,Newport News city,"174,534","29,082",16.7,"173,737","29,248",16.8,"173,205","25,395",14.7,"171,784","29,521",17.2
345,Virginia,Norfolk City,4,30,710,51,34,Norfolk city,"212,906","49,728",23.4,"212,995","45,756",21.5,"212,078","45,219",21.3,"210,960","44,181",20.9
346,Virginia,Northampton,1,3,131,51,4,Northampton,"11,895","2,555",21.5,"11,924","2,445",20.5,"11,906","2,418",20.3,"11,621","2,157",18.6
347,Virginia,Petersburg City,2,7,730,51,9,Petersburg city,"31,997","8,256",25.8,"31,766","9,016",28.4,"31,331","7,884",25.2,"31,217","6,804",21.8
348,Virginia,Prince William,2,6,153,51,8,Prince William,"441,981","31,917",7.2,"447,437","29,925",6.7,"450,623","33,308",7.4,"458,766","28,074",6.1
349,Virginia,Richmond City,0,4,760,51,4,Richmond city,"205,532","51,415",25.0,"207,741","50,763",24.4,"210,366","55,062",26.2,"215,116","51,609",24.0
350,Virginia,Roanoke City,5,21,770,51,26,Roanoke city,"97,847","19,938",20.4,"98,272","20,913",21.3,"98,006","21,886",22.3,"98,243","18,940",19.3
351,Virginia,Suffolk City,0,8,800,51,8,Suffolk city,"85,518","11,668",13.6,"86,841","11,370",13.1,"87,934","10,303",11.7,"88,988","10,067",11.3
352,Virginia,Virginia Beach City,0,4,810,51,4,Virginia Beach city,"440,960","37,886",8.6,"442,534","36,451",8.2,"442,150","36,494",8.3,"440,160","36,669",8.3
353,Virginia,Washington,5,1,191,51,6,Washington,"53,178","7,734",14.5,"52,994","8,656",16.3,"52,766","7,744",14.7,"52,661","7,308",13.9
354,Washington,Cowlitz,3,1,015,53,4,Cowlitz,"100,693","20,701",20.6,"102,027","16,043",15.7,"103,765","16,863",16.3,"105,504","17,302",16.4
355,Washington,King,3,21,033,53,24,King,"2,050,488","230,750",11.3,"2,087,764","205,336",9.8,"2,120,859","196,841",9.3,"2,159,702","200,415",9.3
356,Washington,Mason,5,0,045,53,5,Mason,"57,921","9,040",15.6,"58,430","9,903",16.9,"59,448","8,830",14.9,"60,918","8,825",14.5
357,Washington,Pierce,0,5,053,53,5,Pierce,"814,606","106,432",13.1,"826,719","102,917",12.4,"844,314","102,303",12.1,"859,105","87,596",10.2
358,Washington,Skagit,5,0,057,53,5,Skagit,"118,967","18,627",15.7,"120,450","17,965",14.9,"122,345","13,787",11.3,"124,280","14,061",11.3
359,Washington,Snohomish,8,2,061,53,10,Snohomish,"749,203","73,930",9.9,"762,180","71,017",9.3,"778,172","62,396",8.0,"792,245","58,157",7.3
360,Washington,Spokane,1,3,063,53,4,Spokane,"470,481","76,910",16.3,"477,317","74,144",15.5,"485,188","64,514",13.3,"492,653","69,334",14.1
361,Washington,Yakima,0,6,077,53,6,Yakima,"243,861","50,044",20.5,"244,991","46,794",19.1,"245,973","44,819",18.2,"246,545","44,726",18.1
362,West Virginia,Kanawha,1,3,039,54,4,Kanawha,"186,689","31,400",16.8,"185,375","30,529",16.5,"183,194","30,852",16.8,"179,945","32,592",18.1
363,Wisconsin,Marathon,5,0,073,55,5,Marathon,"133,955","13,287",9.9,"134,097","12,675",9.5,"133,845","13,941",10.4,"133,962","13,353",10.0
364,Wisconsin,Milwaukee,5,26,079,55,31,Milwaukee,"933,504","205,183",22.0,"934,785","189,827",20.3,"928,941","183,511",19.8,"929,658","177,959",19.1
