,Incident Date,County,State,Zipcode,Latitude,Longitude,# Killed,# Injured,State FIPS,County FIPS
0,2014-12-29,Orleans Parish,Louisiana,70113,30.06,-89.93,0,4,22,071
1,2014-12-27,Los Angeles,California,90003,33.96,-118.27,1,3,06,037
2,2014-12-27,Sacramento,California,95838,38.64,-121.44,0,4,06,067
3,2014-12-26,St. Clair,Illinois,62205,38.61,-90.13,1,3,17,163
4,2014-12-24,St. Louis City,Missouri,63103,38.63,-90.24,1,3,29,189
5,2014-12-23,Clark,Kentucky,40391,37.99,-84.18,1,3,21,049
6,2014-12-22,Wayne,Michigan,48215,42.38,-83.1,1,3,26,163
7,2014-12-22,Monroe,New York,14580,43.21,-77.42,4,2,36,055
8,2014-12-22,Cook,Illinois,60621,41.83,-87.68,0,5,17,031
9,2014-12-21,Sarasota,Florida,34234,27.33,-82.54,2,2,12,115
10,2014-12-21,Wayne,Mississippi,39367,31.67,-88.64,1,4,28,153
11,2014-12-21,Cook,Illinois,60409,41.61,-87.54,1,8,17,031
12,2014-12-20,Winnebago,Illinois,61101,42.27,-89.06,4,0,17,201
13,2014-12-16,Union,New Jersey,07201,40.66,-74.19,0,4,34,039
14,2014-12-15,Montgomery,Pennsylvania,19446,40.24,-75.28,7,0,42,091
15,2014-12-14,Miami-Dade,Florida,33136,25.77,-80.2,1,4,12,086
16,2014-12-13,Hillsborough,Florida,33604,27.95,-82.48,0,5,12,057
17,2014-12-12,Multnomah,Oregon,97217,45.58,-122.7,0,4,41,051
18,2014-12-07,St. Joseph,Indiana,46614,41.67,-86.26,0,4,18,141
19,2014-12-02,St. Louis City,Missouri,63111,38.63,-90.24,1,5,29,189
20,2014-12-02,Newport News City,Virginia,23605,37.07,-76.51,0,5,51,700
21,2014-11-30,Kings,New York,11212,40.64,-73.94,0,4,36,047
22,2014-11-30,Hamilton,Tennessee,37404,35.06,-85.25,0,5,47,065
23,2014-11-29,Essex,New Jersey,07103,40.72,-74.17,1,3,34,013
24,2014-11-29,Fulton,Georgia,30315,33.7,-84.38,3,2,13,121
25,2014-11-28,Shelby,Tennessee,38116,35.1,-90.0,0,4,47,157
26,2014-11-27,Williamson,Texas,78626,30.64,-97.68,2,3,48,491
27,2014-11-26,San Francisco,California,94103,37.77,-122.41,0,6,06,075
28,2014-11-23,None,Virginia,NaN,37.7820725,-75.6535401,0,4,,
29,2014-11-23,Denver,Colorado,80204,39.76,-104.87,1,4,08,031
30,2014-11-22,Cuyahoga,Ohio,44106,41.47,-81.67,4,1,39,035
31,2014-11-22,Roberts,South Dakota,57262,45.66,-97.04,4,1,46,109
32,2014-11-22,Clark,Ohio,45505,39.92,-83.79,1,3,39,023
33,2014-11-21,Allegheny,Pennsylvania,15122,40.35,-79.9,0,6,42,003
34,2014-11-19,Cook,Illinois,60624,41.83,-87.68,1,3,17,031
35,2014-11-18,Clark,Nevada,89128,36.19,-115.26,0,4,32,003
36,2014-11-16,Summit,Ohio,44305,41.08,-81.52,1,4,39,153
37,2014-11-16,El Paso,Texas,79901,31.84,-106.43,0,6,48,141
38,2014-11-15,Greene,Missouri,65803,37.19,-93.28,4,0,29,077
39,2014-11-15,Miami-Dade,Florida,33142,25.77,-80.2,1,3,12,086
40,2014-11-08,Los Angeles,California,91767,34.08,-117.73,0,5,06,037
41,2014-11-07,Los Angeles,California,90222,33.91,-118.23,0,4,06,037
42,2014-11-07,Los Angeles,California,90222,33.91,-118.23,0,4,06,037
43,2014-11-05,San Francisco,California,94110,37.74,-122.41,0,4,06,075
44,2014-10-29,Shelby,Tennessee,38128,35.1,-90.0,0,5,47,157
45,2014-10-26,Trigg,Kentucky,42211,36.86,-87.82,4,0,21,221
46,2014-10-24,Snohomish,Washington,98271,48.09,-122.24,5,1,53,061
47,2014-10-18,Queens,New York,11101,40.74,-73.93,0,4,36,081
48,2014-10-18,Aiken,South Carolina,29829,33.56,-81.81,1,3,45,003
49,2014-10-18,None,New York,NaN,40.6781784,-73.9441579,0,4,,
50,2014-10-16,Wayne,Michigan,48224,42.38,-83.1,1,3,26,163
51,2014-10-14,Gwinnett,Georgia,30092,33.94,-84.2,3,2,13,135
52,2014-10-13,Fulton,Georgia,30354,33.76,-84.42,0,4,13,121
53,2014-10-12,San Joaquin,California,95210,38.02,-121.3,3,1,06,077
54,2014-10-12,Fulton,Georgia,30315,33.7,-84.38,1,3,13,121
55,2014-10-11,Oneida,New York,13501,43.1,-75.23,0,5,36,065
56,2014-10-08,None,Georgia,NaN,33.7489954,-84.3879824,0,4,,
57,2014-10-08,Albany,New York,12203,42.66,-73.79,4,0,36,001
58,2014-10-05,Duval,Florida,32208,30.33,-81.65,3,1,12,031
59,2014-10-05,Wayne,Michigan,48234,42.38,-83.1,1,5,26,163
60,2014-10-04,Shelby,Tennessee,38108,35.1,-90.0,2,2,47,157
61,2014-10-04,Los Angeles,California,91768,34.06,-117.79,0,4,06,037
62,2014-09-29,Colleton,South Carolina,29488,32.9,-80.67,1,7,45,029
63,2014-09-29,Fresno,California,93705,36.78,-119.82,0,4,06,019
64,2014-09-28,Philadelphia,Pennsylvania,19133,39.95,-75.16,0,4,42,101
65,2014-09-28,Miami-Dade,Florida,33150,25.77,-80.2,0,15,12,086
66,2014-09-27,St. Louis City,Missouri,63107,38.63,-90.24,0,5,29,189
67,2014-09-26,Florence,South Carolina,29501,34.18,-79.78,1,4,45,041
68,2014-09-21,Columbiana,Ohio,43920,40.63,-80.56,0,4,39,029
69,2014-09-20,Panola,Mississippi,38606,34.31,-89.93,2,2,28,107
70,2014-09-19,Queens,New York,11369,40.76,-73.88,0,4,36,081
71,2014-09-18,None,Florida,NaN,37.0341181,-95.6426791,8,0,,
72,2014-09-15,Orleans Parish,Louisiana,70126,30.06,-89.93,0,5,22,071
73,2014-09-14,Nueces,Texas,78418,27.8,-97.39,3,1,48,355
74,2014-09-14,Anchorage Municipality,Alaska,99501,61.22,-149.85,0,6,,
75,2014-09-11,Wayne,Michigan,48223,42.38,-83.1,1,7,26,163
76,2014-09-06,Orange,Florida,32804,28.5,-81.37,0,4,12,095
77,2014-09-06,Bibb,Georgia,31201,32.83,-83.65,0,5,13,021
78,2014-09-04,Genesee,Michigan,48505,43.02,-83.69,0,5,26,049
79,2014-09-03,Los Angeles,California,90011,34.0,-118.25,0,6,06,037
80,2014-09-02,San Bernardino,California,92410,34.1,-117.27,0,5,06,071
81,2014-09-02,Hinds,Mississippi,39213,32.32,-90.2,2,3,28,049
82,2014-08-31,Alameda,California,94550,37.68,-121.75,0,5,06,001
83,2014-08-29,Hernando,Florida,34601,28.55,-82.39,3,1,12,053
84,2014-08-27,Wayne,Michigan,48205,42.38,-83.1,1,3,26,163
85,2014-08-24,Cook,Illinois,60620,41.83,-87.68,1,3,17,031
86,2014-08-24,Richmond,Georgia,30901,33.45,-81.99,1,3,13,245
87,2014-08-24,Los Angeles,California,91340,34.28,-118.44,3,4,06,037
88,2014-08-20,Shelby,Tennessee,38127,35.1,-90.0,0,5,47,157
89,2014-08-18,St. Martin Parish,Louisiana,70582,30.12,-91.83,0,4,22,099
90,2014-08-17,Queens,New York,11434,40.68,-73.78,0,4,36,081
91,2014-08-17,Suffolk,Massachusetts,02111,42.35,-71.06,0,4,25,025
92,2014-08-17,San Mateo,California,94303,37.45,-122.1,1,3,06,081
93,2014-08-17,Clark,Nevada,89106,36.18,-115.17,0,4,32,003
94,2014-08-16,Union,New Jersey,07063,40.63,-74.4,1,3,34,039
95,2014-08-16,Salt Lake,Utah,84101,40.75,-111.9,0,6,49,035
96,2014-08-14,Shelby,Tennessee,38112,35.1,-90.0,1,3,47,157
97,2014-08-13,Montgomery,Tennessee,37040,36.56,-87.34,0,4,47,125
98,2014-08-13,None,Louisiana,NaN,29.95106579999999,-90.0715323,0,4,,
99,2014-08-12,Cobb,Georgia,30339,33.86,-84.47,2,3,13,067
100,2014-08-12,Erie,New York,14215,42.88,-78.85,1,3,36,029
101,2014-08-10,Orleans Parish,Louisiana,70117,30.06,-89.93,2,5,22,071
102,2014-08-10,Johnson,Georgia,31096,32.72,-82.72,0,6,13,167
103,2014-08-10,Riverside,California,92551,33.87,-117.22,0,7,06,065
104,2014-08-10,District Of Columbia,District of Columbia,20024,38.89,-77.03,0,6,,
105,2014-08-09,Hennepin,Minnesota,55401,44.96,-93.26,1,8,27,053
106,2014-08-08,Milwaukee,Wisconsin,53210,43.06,-87.96,0,4,55,079
107,2014-08-08,District Of Columbia,District of Columbia,20002,38.89,-77.03,0,4,,
108,2014-08-08,Bernalillo,New Mexico,87107,35.11,-106.62,1,3,35,001
109,2014-08-06,Kern,California,93305,35.39,-118.98,3,1,06,029
110,2014-08-04,Fulton,Georgia,30314,33.75,-84.42,0,5,13,121
111,2014-08-03,Harris,Texas,77338,29.99,-95.26,0,7,48,201
112,2014-08-03,St. Louis City,Missouri,63115,38.63,-90.24,0,5,29,189
113,2014-08-03,Culpeper,Virginia,22724,38.63,-77.91,5,0,51,047
114,2014-08-03,Maury,Tennessee,38401,35.62,-87.04,0,5,47,119
115,2014-08-02,Dallas,Texas,75241,32.79,-96.76,3,1,48,113
116,2014-08-02,Orleans Parish,Massachusetts,70112,30.06,-89.93,0,7,,
117,2014-08-02,Allegheny,Pennsylvania,15201,40.43,-79.97,1,5,42,003
118,2014-08-01,Philadelphia,Pennsylvania,19146,39.95,-75.16,1,3,42,101
119,2014-07-30,Cumberland,North Carolina,28348,34.97,-78.95,2,3,37,051
120,2014-07-28,Philadelphia,Pennsylvania,19120,39.95,-75.16,1,4,42,101
121,2014-07-27,St. Louis City,Missouri,63107,38.63,-90.24,0,5,29,189
122,2014-07-26,None,Arkansas,NaN,34.2284312,-92.00319549999999,1,3,,
123,2014-07-26,York,Maine,04072,43.53,-70.45,5,0,23,031
124,2014-07-26,Worth,Georgia,31791,31.52,-83.83,0,8,13,321
125,2014-07-25,Cook,Illinois,60612,41.83,-87.68,1,6,17,031
126,2014-07-23,Allegheny,Pennsylvania,15104,40.4,-79.86,0,4,42,003
127,2014-07-21,Essex,New Jersey,07111,40.72,-74.23,0,6,34,013
128,2014-07-21,Shelby,Tennessee,38126,35.1,-90.0,0,4,47,157
129,2014-07-20,St. Clair,Illinois,62204,38.61,-90.13,1,3,17,163
130,2014-07-20,Clark,Nevada,89130,36.24,-115.23,1,3,32,003
131,2014-07-19,Cook,Illinois,60651,41.83,-87.68,0,4,17,031
132,2014-07-14,Sacramento,California,95817,38.55,-121.45,1,4,06,067
133,2014-07-13,King,Washington,98178,47.49,-122.25,0,5,53,033
134,2014-07-13,Fairfield,Connecticut,06901,41.09,-73.55,0,5,09,001
135,2014-07-13,District Of Columbia,District of Columbia,20002,38.89,-77.03,0,4,,
136,2014-07-12,Los Angeles,California,91103,34.17,-118.17,3,2,06,037
137,2014-07-11,Cook,Illinois,60644,41.83,-87.68,1,3,17,031
138,2014-07-09,Harris,Texas,77388,30.06,-95.38,6,1,48,201
139,2014-07-08,Providence,Rhode Island,02908,41.82,-71.41,0,5,44,007
140,2014-07-07,Pike,Kentucky,41568,37.52,-82.03,0,4,21,195
141,2014-07-07,San Bernardino,California,92410,34.1,-117.27,1,4,06,071
142,2014-07-06,Miami-Dade,Florida,33147,25.77,-80.2,2,2,12,086
143,2014-07-06,St. Louis City,Missouri,63115,38.63,-90.24,0,4,29,189
144,2014-07-06,Erie,New York,14215,42.88,-78.85,0,4,36,029
145,2014-07-05,Harris,Texas,77047,29.76,-95.38,0,6,48,201
146,2014-07-05,Norfolk City,Virginia,23508,36.84,-76.28,0,7,51,710
147,2014-07-05,Multnomah,Oregon,97233,45.51,-122.49,1,4,41,051
148,2014-07-05,Marion,Indiana,46220,39.77,-86.14,0,7,18,097
149,2014-07-05,St. Clair,Illinois,62207,38.61,-90.13,0,5,17,163
150,2014-07-04,Norfolk City,Virginia,23523,36.84,-76.28,0,5,51,710
151,2014-07-02,Delaware,Pennsylvania,19013,39.84,-75.37,0,5,42,045
152,2014-06-30,Fayette,Kentucky,40511,38.04,-84.45,1,3,21,067
153,2014-06-29,Orleans Parish,Louisiana,70116,30.06,-89.93,1,9,22,071
154,2014-06-29,St. Louis City,Missouri,63106,38.63,-90.24,0,4,29,189
155,2014-06-29,Los Angeles,California,90029,34.09,-118.29,1,5,06,037
156,2014-06-28,Contra Costa,California,94531,37.96,-121.76,0,7,06,013
157,2014-06-28,New York,New York,10037,40.71,-73.99,0,4,36,061
158,2014-06-27,San Diego,California,92154,32.56,-117.01,1,3,06,073
159,2014-06-26,Milwaukee,Wisconsin,53206,43.06,-87.96,0,5,55,079
160,2014-06-26,Wayne,Michigan,48238,42.38,-83.1,2,2,26,163
161,2014-06-25,Middlesex,Massachusetts,01851,42.63,-71.32,0,5,25,017
162,2014-06-24,Miami-Dade,Florida,33147,25.77,-80.2,2,7,12,086
163,2014-06-22,Sonoma,California,95492,38.53,-122.81,1,3,06,097
164,2014-06-21,District Of Columbia,District of Columbia,20009,38.89,-77.03,0,4,,
165,2014-06-21,Shelby,Tennessee,38114,35.1,-90.0,0,5,47,157
166,2014-06-20,Prince George'S,Maryland,20743,38.87,-76.9,0,4,,
167,2014-06-15,Howard,Indiana,46902,40.47,-86.13,0,4,18,067
168,2014-06-15,Cook,Illinois,60466,41.48,-87.68,0,4,17,031
169,2014-06-13,Los Angeles,California,90003,33.96,-118.27,3,1,06,037
170,2014-06-09,Passaic,New Jersey,07501,40.91,-74.16,0,6,34,031
171,2014-06-08,Covington,Alabama,36467,31.29,-86.25,1,4,01,039
172,2014-06-07,None,South Carolina,NaN,33.1960027,-80.01313739999999,1,5,,
173,2014-06-07,Oakland,Michigan,48237,42.46,-83.18,1,3,26,125
174,2014-06-04,Cook,Illinois,60644,41.83,-87.68,1,3,17,031
175,2014-06-03,Fulton,Georgia,30315,33.7,-84.38,1,4,13,121
176,2014-06-02,Cook,Illinois,60649,41.83,-87.68,0,7,17,031
177,2014-06-01,Cook,Illinois,60644,41.83,-87.68,1,5,17,031
178,2014-06-01,Sacramento,California,95823,38.47,-121.44,0,4,06,067
179,2014-05-31,San Bernardino,California,92410,34.1,-117.27,1,3,06,071
180,2014-05-25,Lucas,Ohio,43607,41.66,-83.58,1,3,39,095
181,2014-05-24,Wayne,Michigan,48201,42.38,-83.1,0,4,26,163
182,2014-05-24,Horry,South Carolina,29582,33.82,-78.67,3,1,45,051
183,2014-05-23,Santa Barbara,California,93117,34.5,-120.12,4,8,06,083
184,2014-05-23,Orleans Parish,Louisiana,70122,30.06,-89.93,1,7,22,071
185,2014-05-23,Los Angeles,California,90706,33.88,-118.13,2,2,06,037
186,2014-05-21,Dallas,Texas,75224,32.79,-96.76,1,3,48,113
187,2014-05-18,Erie,Ohio,44870,41.45,-82.71,0,7,39,043
188,2014-05-17,Riverside,California,92236,33.7,-116.17,1,3,06,065
189,2014-05-17,District Of Columbia,District of Columbia,20018,38.89,-77.03,0,5,,
190,2014-05-13,Fulton,Georgia,30311,33.76,-84.42,0,5,13,121
191,2014-05-12,Cook,Illinois,60623,41.83,-87.68,0,4,17,031
192,2014-05-11,Sacramento,California,95817,38.55,-121.45,1,6,06,067
193,2014-05-11,Shelby,Tennessee,38108,35.1,-90.0,0,7,47,157
194,2014-05-10,Dekalb,Georgia,30083,33.8,-84.17,1,3,,
195,2014-05-10,Sacramento,California,95817,38.55,-121.45,1,6,06,067
196,2014-05-10,Dekalb,Georgia,30032,33.77,-84.29,2,3,,
197,2014-05-04,Cook,Illinois,60654,41.83,-87.68,1,3,17,031
198,2014-05-04,Jefferson,Colorado,80033,39.77,-105.09,0,4,08,059
199,2014-05-03,Craighead,Arkansas,72401,35.82,-90.68,4,4,05,031
200,2014-04-30,Cook,Illinois,60649,41.83,-87.68,0,4,17,031
201,2014-04-29,Cobb,Georgia,30144,34.02,-84.61,1,6,13,067
202,2014-04-27,Rensselaer,New York,12180,42.73,-73.67,0,5,36,083
203,2014-04-25,Shelby,Tennessee,38108,35.1,-90.0,2,3,47,157
204,2014-04-22,Los Angeles,California,90043,33.98,-118.33,1,3,06,037
205,2014-04-20,Kendall,Illinois,60538,41.72,-88.34,0,6,17,093
206,2014-04-20,Hillsborough,Florida,33605,27.95,-82.48,2,2,12,057
207,2014-04-20,Cook,Illinois,60637,41.83,-87.68,0,5,17,031
208,2014-04-14,Washington,District of Columbia,66968,39.81,-97.05,0,4,,
209,2014-04-12,Orleans Parish,Louisiana,70116,30.06,-89.93,1,3,22,071
210,2014-04-11,Wayne,Indiana,47374,39.82,-84.88,0,4,18,177
211,2014-04-09,Hamilton,Tennessee,37419,35.06,-85.25,3,1,47,065
212,2014-04-09,Winnebago,Illinois,61101,42.27,-89.06,0,4,17,201
213,2014-04-07,Orleans Parish,Louisiana,70119,30.06,-89.93,0,4,22,071
214,2014-04-06,Hampden,Massachusetts,01103,42.11,-72.53,0,4,25,013
215,2014-04-06,Oklahoma,Oklahoma,73107,35.46,-97.51,0,4,40,109
216,2014-04-05,Cook,Illinois,60624,41.83,-87.68,1,5,17,031
217,2014-04-05,Maricopa,Arizona,85035,33.47,-112.19,1,3,04,013
218,2014-04-05,Solano,California,94533,38.28,-122.0,0,4,06,095
219,2014-04-02,Bell,Texas,76544,31.09,-97.71,4,16,48,027
220,2014-03-30,Chickasaw,Mississippi,38850,34.03,-89.01,0,5,28,017
221,2014-03-30,Mecklenburg,North Carolina,28216,35.19,-80.83,0,5,37,119
222,2014-03-23,Tarrant,Texas,76011,32.69,-97.12,1,3,48,439
223,2014-03-23,Los Angeles,California,90802,33.75,-118.2,1,3,06,037
224,2014-03-23,San Francisco,California,94102,37.77,-122.41,0,7,06,075
225,2014-03-21,Charleston,South Carolina,29418,32.89,-80.05,0,4,45,019
226,2014-03-16,Denton,Texas,76226,33.11,-97.17,3,1,48,121
227,2014-03-16,Burke,Georgia,30830,33.09,-82.01,0,4,13,033
228,2014-03-14,Kings,New York,11211,40.64,-73.94,0,4,36,047
229,2014-03-09,Sandusky,Ohio,43420,41.35,-83.11,3,1,39,143
230,2014-03-09,Cook,Texas,60644,41.83,-87.68,0,6,,
231,2014-03-08,Cook,Illinois,60644,41.83,-87.68,0,6,17,031
232,2014-03-08,Contra Costa,California,94801,37.96,-122.38,1,3,06,013
233,2014-03-05,Anderson,South Carolina,29669,34.64,-82.46,3,2,45,007
234,2014-03-01,Allegheny,Pennsylvania,15219,40.43,-79.97,1,4,42,003
235,2014-03-01,Wayne,Michigan,48213,42.38,-83.1,0,4,26,163
236,2014-02-25,Washington,Virginia,24340,36.79,-81.77,5,1,51,191
237,2014-02-22,Los Angeles,California,90744,33.77,-118.26,0,4,06,037
238,2014-02-20,Marion,Indiana,46237,39.77,-86.14,4,0,18,097
239,2014-02-20,Washington,California,15419,40.06,-79.91,4,2,,
240,2014-02-16,Tarrant,Texas,76164,32.75,-97.33,1,4,48,439
241,2014-02-16,Orange,Florida,32811,28.5,-81.37,1,6,12,095
242,2014-02-16,Duval,Florida,32205,30.33,-81.65,1,4,12,031
243,2014-02-16,Dallas,Texas,75215,32.79,-96.76,1,7,48,113
244,2014-02-16,Allen,Indiana,46816,41.07,-85.13,0,5,18,003
245,2014-02-15,Clark,Nevada,89109,36.11,-115.12,0,5,32,003
246,2014-02-12,Lake,Indiana,46407,41.59,-87.34,0,5,18,089
247,2014-02-12,Alameda,California,94601,37.77,-122.21,1,3,06,001
248,2014-02-12,Orange,California,92624,33.45,-117.66,1,3,06,059
249,2014-02-07,None,Florida,NaN,25.7616798,-80.1917902,0,5,,
250,2014-02-06,Orleans Parish,Louisiana,70126,30.06,-89.93,0,4,22,071
251,2014-02-05,Cook,Illinois,60626,41.83,-87.68,1,3,17,031
252,2014-02-03,Johnson,Indiana,46131,39.49,-86.05,3,2,18,081
253,2014-01-27,Nash,North Carolina,27804,35.95,-77.81,0,4,37,127
254,2014-01-27,King,Washington,98104,47.6,-122.32,1,4,53,033
255,2014-01-25,Cook,Illinois,60609,41.83,-87.68,1,4,17,031
256,2014-01-25,Palm Beach,Florida,33430,26.68,-80.67,0,4,12,099
257,2014-01-21,None,New Jersey,NaN,40.735657,-74.1723667,2,3,,
258,2014-01-20,Prince William,Virginia,20109,38.74,-77.48,0,4,51,153
259,2014-01-16,Carter,Oklahoma,73401,34.19,-97.11,2,5,40,019
260,2014-01-16,Utah,Utah,84660,40.02,-111.55,5,0,49,049
261,2014-01-14,Los Angeles,California,90045,33.95,-118.4,0,4,06,037
262,2014-01-13,Wayne,Michigan,48202,42.38,-83.1,0,4,26,163
263,2014-01-12,Hinds,Louisiana,39209,32.32,-90.2,0,6,,
264,2014-01-12,Madison,Alabama,35805,34.7,-86.62,0,5,01,089
265,2014-01-12,Kane,Illinois,60120,42.03,-88.28,0,5,17,089
266,2014-01-03,Queens,New York,11434,40.68,-73.78,1,3,36,081
267,2014-01-01,Norfolk City,Virginia,23523,36.84,-76.28,2,2,51,710
268,2015-12-31,Orleans Parish,Louisiana,70115,30.06,-89.93,0,6,22,071
269,2015-12-27,None,Tennessee,NaN,37.0328728,-95.6316455,0,4,,
270,2015-12-26,Philadelphia,Pennsylvania,19124,39.95,-75.16,0,4,42,101
271,2015-12-25,Duval,Florida,32206,30.33,-81.65,0,4,12,031
272,2015-12-25,Mobile,Alabama,36695,30.68,-88.04,0,4,01,097
273,2015-12-21,Alameda,California,94578,37.7,-122.12,0,4,06,001
274,2015-12-20,Miami-Dade,Florida,33162,25.77,-80.2,0,4,12,086
275,2015-12-20,New Hanover,North Carolina,28401,34.21,-77.91,1,4,37,129
276,2015-12-20,Miami-Dade,Florida,33170,25.77,-80.2,1,4,12,086
277,2015-12-13,Los Angeles,California,90007,34.02,-118.28,1,3,06,037
278,2015-12-13,Orange,California,92647,33.72,-118.0,0,4,06,059
279,2015-12-12,Chatham,Georgia,31401,32.08,-81.1,0,4,13,051
280,2015-12-12,St. Clair,Illinois,62059,38.65,-90.16,1,3,17,163
281,2015-12-11,Baltimore City,Maryland,21215,39.3,-76.61,1,3,24,510
282,2015-12-11,Allegheny,Pennsylvania,15210,40.43,-79.97,0,4,42,003
283,2015-12-08,Hamilton,Ohio,45225,39.09,-84.51,1,3,39,061
284,2015-12-06,Lafourche Parish,Louisiana,70394,29.71,-90.59,1,3,22,057
285,2015-12-06,Douglas,Nebraska,68164,41.26,-96.01,2,3,31,055
286,2015-12-02,San Bernardino,California,92408,34.07,-117.25,16,19,06,071
287,2015-12-02,Chatham,Georgia,31401,32.08,-81.1,1,3,13,051
288,2015-11-29,Kankakee,Illinois,60901,41.11,-87.86,0,5,17,091
289,2015-11-27,El Paso,Colorado,80907,38.86,-104.76,3,9,08,041
290,2015-11-27,Sacramento,California,95828,38.48,-121.4,2,2,06,067
291,2015-11-24,Horry,South Carolina,29527,33.83,-79.04,0,4,45,051
292,2015-11-23,Franklin,Ohio,43204,39.98,-82.98,4,1,39,049
293,2015-11-23,Hennepin,Minnesota,55409,44.96,-93.26,0,5,27,053
294,2015-11-22,Cameron,Texas,78521,25.92,-97.48,0,4,48,061
295,2015-11-22,King,Washington,98122,47.61,-122.3,0,4,53,033
296,2015-11-22,Orange,New York,12550,41.5,-74.02,0,5,36,071
297,2015-11-22,Charleston,South Carolina,29405,32.78,-79.99,1,3,45,019
298,2015-11-22,Cook,Illinois,60624,41.83,-87.68,0,4,17,031
299,2015-11-22,Orleans Parish,Louisiana,70117,30.06,-89.93,0,17,22,071
300,2015-11-21,Baltimore City,Maryland,21217,39.3,-76.61,1,3,24,510
301,2015-11-20,Allegheny,Pennsylvania,15229,40.43,-79.97,1,3,42,003
302,2015-11-18,Fresno,California,93706,36.64,-119.91,0,5,06,019
303,2015-11-16,Cherokee,Alabama,35959,34.22,-85.59,3,1,01,019
304,2015-11-15,None,Texas,NaN,31.8354447,-95.8388504,5,0,,
305,2015-11-15,Philadelphia,Pennsylvania,19138,39.95,-75.16,0,4,42,101
306,2015-11-14,Cambria,Pennsylvania,15909,40.32,-78.91,0,4,42,021
307,2015-11-13,Duval,Florida,32218,30.33,-81.65,4,1,12,031
308,2015-11-09,Marion,Indiana,46201,39.77,-86.14,2,2,18,097
309,2015-11-08,Polk,Iowa,50313,41.57,-93.61,1,3,19,153
310,2015-11-08,Macomb,Michigan,48089,42.49,-83.02,0,4,26,099
311,2015-11-07,Denver,Colorado,80223,39.76,-104.87,1,3,08,031
312,2015-11-06,Kern,California,93307,35.2,-118.86,0,4,06,029
313,2015-11-03,Duval,Florida,32209,30.33,-81.65,2,3,12,031
314,2015-11-02,Anderson,South Carolina,29670,34.65,-82.78,4,0,45,007
315,2015-10-28,Terrebonne Parish,Louisiana,70360,29.57,-90.7,1,3,22,109
316,2015-10-27,Tarrant,Texas,76115,32.75,-97.33,0,5,48,439
317,2015-10-26,Vanderburgh,Indiana,47711,37.98,-87.54,0,5,18,163
318,2015-10-25,Johnston,North Carolina,27524,35.44,-78.42,0,5,37,101
319,2015-10-25,Maricopa,Arizona,85040,33.4,-112.02,1,4,04,013
320,2015-10-25,District Of Columbia,District of Columbia,20032,38.89,-77.03,0,5,,
321,2015-10-24,Bamberg,South Carolina,29003,33.29,-81.03,0,4,45,009
322,2015-10-22,Davidson,Tennessee,37209,36.17,-86.78,1,3,47,037
323,2015-10-19,Cook,Illinois,60409,41.61,-87.54,0,6,17,031
324,2015-10-18,Orleans Parish,Louisiana,70117,30.06,-89.93,0,4,22,071
325,2015-10-17,Elkhart,Indiana,46516,41.68,-85.96,0,4,18,039
326,2015-10-17,L,Florida,33901,26.63,-81.85,1,4,,
327,2015-10-12,Dekalb,Georgia,30035,33.77,-84.29,0,4,,
328,2015-10-10,Shelby,Tennessee,38115,35.1,-90.0,0,6,47,157
329,2015-10-10,Mecklenburg,North Carolina,28208,35.19,-80.83,0,4,37,119
330,2015-10-10,Peoria,Illinois,61604,40.74,-89.6,1,3,17,143
331,2015-10-09,Coconino,Arizona,86001,35.23,-111.72,1,3,04,005
332,2015-10-06,Baltimore City,Maryland,21223,39.3,-76.61,0,5,24,510
333,2015-10-02,Baltimore City,Maryland,21215,39.3,-76.61,1,4,24,510
334,2015-10-01,Douglas,Oregon,97470,43.21,-123.4,10,9,41,019
335,2015-09-28,Hamilton,Ohio,45207,39.09,-84.51,0,5,39,061
336,2015-09-28,Cook,Illinois,60609,41.83,-87.68,3,2,17,031
337,2015-09-28,Cook,Illinois,60609,41.83,-87.68,2,3,17,031
338,2015-09-28,Montgomery,Ohio,45417,39.77,-84.19,0,4,39,113
339,2015-09-27,Meriwether,Georgia,30222,33.02,-84.71,0,10,13,199
340,2015-09-27,Cook,Illinois,60609,41.83,-87.68,0,4,17,031
341,2015-09-27,Jackson,Missouri,64108,39.09,-94.58,0,4,29,095
342,2015-09-25,Vermilion,Illinois,61832,40.14,-87.61,0,4,17,183
343,2015-09-24,Cook,Illinois,60609,41.83,-87.68,0,5,17,031
344,2015-09-23,Caddo Parish,Louisiana,71107,32.47,-93.79,0,5,22,017
345,2015-09-23,L,Florida,33916,26.63,-81.85,0,4,,
346,2015-09-23,Gwinnett,Georgia,30093,33.94,-84.2,1,3,13,135
347,2015-09-20,Philadelphia,Pennsylvania,19124,39.95,-75.16,1,3,42,101
348,2015-09-20,Cook,Illinois,60621,41.83,-87.68,1,5,17,031
349,2015-09-20,Tulsa,Oklahoma,74115,36.12,-95.91,0,6,40,143
350,2015-09-19,Marion,Indiana,46208,39.77,-86.14,1,3,18,097
351,2015-09-17,Charles Mix,South Dakota,57342,43.25,-98.69,6,0,46,023
352,2015-09-17,Calhoun,Michigan,49224,42.24,-84.75,0,4,26,025
353,2015-09-15,Essex,New Jersey,07103,40.72,-74.17,0,4,34,013
354,2015-09-13,Marion,Florida,34475,29.18,-82.13,1,5,12,083
355,2015-09-12,Caddo Parish,Louisiana,71108,32.47,-93.79,0,4,22,017
356,2015-09-12,Monroe,New York,14605,43.16,-77.61,2,4,36,055
357,2015-09-12,Hennepin,Minnesota,55403,44.96,-93.26,0,6,27,053
358,2015-09-12,Hennepin,Minnesota,55411,44.96,-93.26,1,3,27,053
359,2015-09-11,Mecklenburg,North Carolina,28206,35.19,-80.83,0,5,37,119
360,2015-09-10,Hennepin,Minnesota,55331,44.9,-93.56,5,0,27,053
361,2015-09-08,None,Georgia,NaN,52.52000659999999,13.404954,0,4,,
362,2015-09-08,None,Illinois,NaN,41.8781136,-87.6297982,0,4,,
363,2015-09-07,Lake,Indiana,46403,41.59,-87.34,2,4,18,089
364,2015-09-07,Denver,Colorado,80202,39.76,-104.87,0,4,08,031
365,2015-09-05,Mecklenburg,North Carolina,28217,35.19,-80.83,1,3,37,119
366,2015-09-05,Volusia,Florida,32114,29.19,-81.05,0,4,12,127
367,2015-09-05,Clark,Nevada,89122,36.1,-115.02,1,3,32,003
368,2015-09-05,Boone,Missouri,65201,38.95,-92.32,0,4,29,019
369,2015-08-30,Shelby,Tennessee,38109,35.1,-90.0,1,4,47,157
370,2015-08-29,Sullivan,Tennessee,37620,36.56,-82.19,3,2,47,163
371,2015-08-29,Smith,Texas,75706,32.32,-95.3,1,3,48,423
372,2015-08-28,Kings,New York,11225,40.64,-73.94,1,3,36,047
373,2015-08-27,Monterey,California,93901,36.64,-121.62,2,2,06,053
374,2015-08-26,Cook,Illinois,60612,41.83,-87.68,2,2,17,031
375,2015-08-26,Hennepin,Minnesota,55429,44.96,-93.26,0,4,27,053
376,2015-08-26,Palm Beach,Florida,33407,26.74,-80.12,2,2,12,099
377,2015-08-25,Orleans Parish,Louisiana,70125,30.06,-89.93,1,3,22,071
378,2015-08-23,Stanislaus,California,95351,37.63,-121.01,1,7,06,099
379,2015-08-22,Orange,Florida,32808,28.5,-81.37,0,4,12,095
380,2015-08-22,Chaves,New Mexico,88203,33.33,-104.52,3,1,35,005
381,2015-08-21,Durham,North Carolina,27704,35.98,-78.91,0,8,37,063
382,2015-08-21,Hamilton,Ohio,45227,39.09,-84.51,2,5,39,061
383,2015-08-20,Starr,Texas,78548,26.39,-98.55,2,2,48,427
384,2015-08-19,Monroe,New York,14611,43.16,-77.61,3,4,36,055
385,2015-08-16,Tarrant,Texas,76133,32.75,-97.33,0,6,48,439
386,2015-08-16,Cook,Illinois,60651,41.83,-87.68,0,4,17,031
387,2015-08-16,None,South Carolina,NaN,34.6173803,-79.68478139999999,0,5,,
388,2015-08-15,Allegheny,Pennsylvania,15205,40.43,-79.97,1,3,42,003
389,2015-08-15,Los Angeles,California,90062,34.0,-118.3,0,4,06,037
390,2015-08-15,Orangeburg,South Carolina,29115,33.49,-80.86,1,3,45,075
391,2015-08-10,Los Angeles,California,90813,33.78,-118.18,0,4,06,037
392,2015-08-09,Scott,Mississippi,39074,32.35,-89.47,1,3,28,123
393,2015-08-09,Wayne,Michigan,48205,42.38,-83.1,1,3,26,163
394,2015-08-09,Jackson,Missouri,64111,39.09,-94.58,0,4,29,095
395,2015-08-08,Gaston,North Carolina,28052,35.25,-81.17,2,3,37,071
396,2015-08-08,Mississippi,Arkansas,72315,35.93,-89.92,1,11,05,093
397,2015-08-08,Harris,Texas,77038,29.76,-95.38,8,0,48,201
398,2015-08-07,Washington,Vermont,05641,44.2,-72.5,4,0,50,023
399,2015-08-06,Richland,South Carolina,29204,34.0,-81.03,0,4,45,079
400,2015-08-04,St. Louis City,Missouri,63112,38.63,-90.24,1,4,29,189
401,2015-08-03,Kings,New York,11231,40.64,-73.94,0,5,36,047
402,2015-08-02,Kings,New York,11208,40.64,-73.94,0,9,36,047
403,2015-08-02,Baltimore City,Maryland,21216,39.3,-76.61,0,7,24,510
404,2015-08-02,Cook,Illinois,60651,41.83,-87.68,1,4,17,031
405,2015-08-02,Chatham,Georgia,31404,32.08,-81.1,0,5,13,051
406,2015-08-02,Cook,Illinois,60636,41.83,-87.68,0,4,17,031
407,2015-08-01,Orange,Florida,32807,28.5,-81.37,0,4,12,095
408,2015-07-30,Allegheny,Pennsylvania,15201,40.43,-79.97,0,4,42,003
409,2015-07-27,Winnebago,Illinois,61102,42.27,-89.06,0,5,17,201
410,2015-07-26,Jackson,Missouri,64124,39.09,-94.58,2,3,29,095
411,2015-07-26,Orleans Parish,Louisiana,70126,30.06,-89.93,0,4,22,071
412,2015-07-25,Hopewell City,Virginia,23860,37.29,-77.29,0,4,51,670
413,2015-07-24,Erie,Pennsylvania,16508,42.12,-80.08,2,5,42,049
414,2015-07-23,Lafayette Parish,Louisiana,70503,30.21,-92.02,3,9,22,055
415,2015-07-22,St. Louis City,Missouri,63115,38.63,-90.24,0,6,29,189
416,2015-07-22,Gwinnett,Georgia,30024,34.05,-84.07,5,0,13,135
417,2015-07-21,Miami-Dade,Florida,33056,25.93,-80.26,1,3,12,086
418,2015-07-20,Bronx,New York,10451,40.84,-73.87,0,6,36,005
419,2015-07-19,Suffolk City,Virginia,23434,36.7,-76.63,0,4,51,800
420,2015-07-19,Jefferson,Kentucky,40211,38.22,-85.74,0,6,21,111
421,2015-07-19,None,North Carolina,NaN,35.9382103,-77.7905339,0,4,,
422,2015-07-18,San Diego,California,92113,32.69,-117.11,0,4,06,073
423,2015-07-18,Santa Barbara,California,93103,34.43,-119.68,0,5,06,083
424,2015-07-18,Marion,Oregon,97301,44.9,-122.92,1,4,41,047
425,2015-07-18,East Baton Rouge Parish,Louisiana,70802,30.44,-91.12,2,2,22,033
426,2015-07-17,Cook,Illinois,60624,41.83,-87.68,0,5,17,031
427,2015-07-17,Hamilton,Ohio,45211,39.09,-84.51,0,4,39,061
428,2015-07-16,Hamilton,Tennessee,37406,35.06,-85.25,6,2,47,065
429,2015-07-16,Dallas,Texas,75212,32.79,-96.76,0,5,48,113
430,2015-07-15,Fulton,Georgia,30318,33.78,-84.44,0,5,13,121
431,2015-07-15,Baltimore City,Maryland,21215,39.3,-76.61,1,3,24,510
432,2015-07-15,Cuyahoga,Ohio,44108,41.47,-81.67,0,7,39,035
433,2015-07-15,Wayne,Michigan,48228,42.38,-83.1,0,4,26,163
434,2015-07-15,Orangeburg,South Carolina,29059,33.32,-80.41,4,1,45,075
435,2015-07-14,St. Louis City,Missouri,63147,38.63,-90.24,0,4,29,189
436,2015-07-13,Los Angeles,California,90650,33.9,-118.07,0,4,06,037
437,2015-07-13,San Joaquin,California,95204,37.97,-121.32,1,4,06,077
438,2015-07-12,Cook,Illinois,60305,41.89,-87.81,2,3,17,031
439,2015-07-12,Hudson,New Jersey,07306,40.71,-74.06,0,4,34,017
440,2015-07-07,Cuyahoga,Ohio,44128,41.47,-81.67,1,3,39,035
441,2015-07-07,Baltimore City,Maryland,21223,39.3,-76.61,3,1,24,510
442,2015-07-05,Caddo Parish,Louisiana,71103,32.47,-93.79,0,8,22,017
443,2015-07-05,Allen,Indiana,46803,41.07,-85.13,0,9,18,003
444,2015-07-05,Essex,New Jersey,07018,40.76,-74.21,1,3,34,013
445,2015-07-04,District Of Columbia,District of Columbia,20020,38.89,-77.03,1,3,,
446,2015-07-04,Jefferson,Kentucky,40211,38.22,-85.74,0,4,21,111
447,2015-07-04,Berkshire,Massachusetts,01201,42.45,-73.26,1,4,25,003
448,2015-07-04,Onondaga,New York,13204,43.04,-76.14,0,4,36,067
449,2015-07-04,Bexar,Texas,78201,29.45,-98.5,0,4,48,029
450,2015-07-02,Marion,Indiana,46222,39.77,-86.14,1,3,18,097
451,2015-06-29,Miami-Dade,Florida,33054,25.93,-80.26,0,4,12,086
452,2015-06-28,Wayne,Michigan,48205,42.38,-83.1,0,5,26,163
453,2015-06-28,Madison,Illinois,62090,38.67,-90.16,0,6,17,119
454,2015-06-28,Kent,Delaware,19952,38.92,-75.57,0,6,10,001
455,2015-06-27,Bristol,Massachusetts,02780,41.9,-71.09,1,3,25,005
456,2015-06-27,Wayne,Michigan,48213,42.38,-83.1,0,4,26,163
457,2015-06-24,New York,New York,10037,40.71,-73.99,0,4,36,061
458,2015-06-22,Philadelphia,Pennsylvania,19134,39.95,-75.16,0,7,42,101
459,2015-06-21,Allegheny,Pennsylvania,15221,40.43,-79.97,0,4,42,003
460,2015-06-21,Fayette,Kentucky,40508,38.04,-84.45,1,4,21,067
461,2015-06-20,Anson,North Carolina,28119,34.86,-80.0,0,4,37,007
462,2015-06-20,Wayne,Michigan,48206,42.38,-83.1,1,11,26,163
463,2015-06-20,Philadelphia,Pennsylvania,19104,39.95,-75.16,0,11,42,101
464,2015-06-19,Providence,Rhode Island,02895,41.99,-71.5,0,4,44,007
465,2015-06-17,Charleston,South Carolina,29401,32.78,-79.99,9,0,45,019
466,2015-06-16,Miami-Dade,Florida,33169,25.77,-80.2,0,4,12,086
467,2015-06-15,Kings,New York,11225,40.64,-73.94,0,4,36,047
468,2015-06-14,Camden,New Jersey,08105,39.93,-75.1,1,3,34,007
469,2015-06-14,Tulsa,Oklahoma,74115,36.12,-95.91,0,4,40,143
470,2015-06-14,St. Louis City,Missouri,63106,38.63,-90.24,0,4,29,189
471,2015-06-13,Fayette,Georgia,30214,33.44,-84.46,1,4,13,113
472,2015-06-13,Oklahoma,Oklahoma,73149,35.46,-97.51,0,4,40,109
473,2015-06-13,Baldwin,Georgia,31061,33.08,-83.23,1,3,13,009
474,2015-06-13,Bronx,New York,10468,40.84,-73.87,0,5,36,005
475,2015-06-13,Franklin,Ohio,43211,39.98,-82.98,4,1,39,049
476,2015-06-12,Miami-Dade,Florida,33142,25.77,-80.2,0,4,12,086
477,2015-06-11,Fairfield,Connecticut,06606,41.18,-73.19,1,8,09,001
478,2015-06-11,Harris,Texas,77004,29.76,-95.38,1,3,48,201
479,2015-06-10,Los Angeles,California,90044,33.95,-118.29,1,3,06,037
480,2015-06-09,St. Louis City,Missouri,63113,38.63,-90.24,1,3,29,189
481,2015-06-07,Powell,Montana,59722,46.37,-112.72,5,0,30,077
482,2015-06-06,Erie,New York,14217,42.88,-78.85,1,4,36,029
483,2015-06-06,Cook,Illinois,60644,41.83,-87.68,0,5,17,031
484,2015-06-05,Scott,Iowa,52802,41.55,-90.6,0,5,19,163
485,2015-06-05,Orleans Parish,Louisiana,70116,30.06,-89.93,1,3,22,071
486,2015-06-03,Suffolk,New York,11798,40.74,-73.37,3,1,36,103
487,2015-05-31,Cuyahoga,Ohio,44135,41.47,-81.67,3,1,39,035
488,2015-05-31,Prince George'S,Maryland,20774,38.81,-76.75,1,3,,
489,2015-05-31,New Haven,Connecticut,06510,41.31,-72.92,0,5,09,009
490,2015-05-31,Rockdale,Georgia,30013,33.66,-84.01,3,2,13,247
491,2015-05-30,San Diego,California,92102,32.72,-117.09,0,4,06,073
492,2015-05-28,Douglas,Nebraska,68127,41.26,-96.01,0,4,31,055
493,2015-05-28,Cook,Illinois,60636,41.83,-87.68,0,5,17,031
494,2015-05-28,Delaware,Pennsylvania,19013,39.84,-75.37,1,3,42,045
495,2015-05-26,Orleans Parish,Louisiana,70127,30.06,-89.93,2,2,22,071
496,2015-05-25,Macon,Illinois,62526,39.85,-88.93,1,4,17,115
497,2015-05-24,Plymouth,Massachusetts,02301,42.08,-71.02,0,5,25,023
498,2015-05-24,Genesee,Michigan,48507,43.02,-83.69,0,7,26,049
499,2015-05-24,None,Alabama,NaN,32.3792233,-86.3077368,1,3,,
500,2015-05-24,St. Louis City,Missouri,63106,38.63,-90.24,0,4,29,189
501,2015-05-23,Fresno,California,93725,36.6,-119.75,2,2,06,019
502,2015-05-20,Baltimore City,Maryland,21205,39.3,-76.61,1,3,24,510
503,2015-05-18,St. Louis,Missouri,63140,38.63,-90.24,0,4,29,189
504,2015-05-18,Miami-Dade,Florida,33147,25.77,-80.2,1,4,12,086
505,2015-05-17,Mclennan,Texas,76711,31.56,-97.18,9,18,,
506,2015-05-16,Milwaukee,Wisconsin,53216,43.06,-87.96,0,5,55,079
507,2015-05-16,Monroe,New York,14605,43.16,-77.61,0,4,36,055
508,2015-05-16,Baltimore City,Maryland,21213,39.3,-76.61,0,5,24,510
509,2015-05-12,Prince George'S,Maryland,20743,38.87,-76.9,1,4,,
510,2015-05-12,Pima,Arizona,85757,32.08,-111.11,5,0,04,019
511,2015-05-10,Cuyahoga,Ohio,44111,41.47,-81.67,1,4,39,035
512,2015-05-10,Hudson,New Jersey,07305,40.71,-74.06,0,4,34,017
513,2015-05-10,Essex,New Jersey,07103,40.72,-74.17,1,3,34,013
514,2015-05-07,Hamilton,Ohio,45225,39.09,-84.51,0,4,39,061
515,2015-05-07,Wayne,Michigan,48228,42.38,-83.1,0,4,26,163
516,2015-05-04,Erie,New York,14215,42.88,-78.85,1,3,36,029
517,2015-05-03,St. Joseph,Indiana,46613,41.67,-86.26,0,4,18,141
518,2015-05-03,Harris,Texas,77004,29.76,-95.38,0,6,48,201
519,2015-05-03,New York,New York,10021,40.77,-73.95,0,4,36,061
520,2015-05-03,Montgomery,Ohio,45417,39.77,-84.19,1,6,39,113
521,2015-05-03,None,Wisconsin,NaN,44.2022084,-88.44649729999999,4,1,,
522,2015-05-01,Milwaukee,Wisconsin,53216,43.06,-87.96,2,3,55,079
523,2015-04-27,Kings,New York,11226,40.64,-73.94,2,4,36,047
524,2015-04-27,Maricopa,Arizona,85337,32.99,-112.9,2,2,04,013
525,2015-04-25,None,New Jersey,NaN,40.2205824,-74.759717,0,4,,
526,2015-04-25,Monroe,New York,14624,43.16,-77.61,1,6,36,055
527,2015-04-21,Bell,Texas,76541,31.09,-97.71,2,3,48,027
528,2015-04-19,Richmond City,Virginia,23220,37.55,-77.46,0,4,51,760
529,2015-04-18,Montgomery,Alabama,36108,32.35,-86.28,0,5,01,101
530,2015-04-18,Lycoming,Pennsylvania,17701,41.23,-77.03,0,5,42,081
531,2015-04-18,Robeson,North Carolina,28358,34.63,-79.01,1,3,37,155
532,2015-04-18,Mecklenburg,North Carolina,28208,35.19,-80.83,0,4,37,119
533,2015-04-18,Passaic,New Jersey,07501,40.91,-74.16,1,3,34,031
534,2015-04-16,Maricopa,Arizona,85032,33.62,-112.0,5,0,04,013
535,2015-04-07,Floyd,Georgia,30161,34.26,-85.18,1,3,13,115
536,2015-04-05,Allegheny,Pennsylvania,15219,40.43,-79.97,1,3,42,003
537,2015-04-05,Jefferson,Kentucky,40211,38.22,-85.74,1,4,21,111
538,2015-04-05,Marion,Indiana,46254,39.77,-86.14,0,5,18,097
539,2015-04-05,Berrien,Michigan,49022,42.11,-86.44,0,4,26,021
540,2015-04-03,Volusia,Florida,32114,29.19,-81.05,0,4,12,127
541,2015-04-02,Baltimore City,Maryland,21217,39.3,-76.61,0,5,24,510
542,2015-03-27,B,Florida,32408,30.17,-85.67,0,7,,
543,2015-03-26,Potter,Texas,79107,35.2,-101.81,0,4,48,375
544,2015-03-24,Marion,Indiana,46208,39.77,-86.14,4,0,18,097
545,2015-03-23,Montgomery,Tennessee,37040,36.56,-87.34,1,4,47,125
546,2015-03-22,Bernalillo,New Mexico,87112,35.11,-106.62,1,6,35,001
547,2015-03-21,Hillsborough,Florida,33605,27.95,-82.48,0,4,12,057
548,2015-03-20,Oklahoma,Oklahoma,73104,35.46,-97.51,0,4,40,109
549,2015-03-20,Dallas,Texas,75134,32.59,-96.78,1,5,48,113
550,2015-03-18,Essex,New Jersey,07112,40.72,-74.17,1,3,34,013
551,2015-03-18,Maricopa,Arizona,85201,33.44,-111.85,1,5,04,013
552,2015-03-17,San Joaquin,California,95202,37.95,-121.28,3,4,06,077
553,2015-03-15,Los Angeles,California,90220,33.87,-118.24,0,4,06,037
554,2015-03-14,Fulton,Georgia,30311,33.76,-84.42,0,5,13,121
555,2015-03-14,Riverside,California,92236,33.7,-116.17,0,4,06,065
556,2015-03-13,Lincoln,Mississippi,39601,31.58,-90.44,2,3,28,085
557,2015-03-10,Muscogee,Georgia,31903,32.51,-84.87,0,5,13,215
558,2015-03-09,Cook,Illinois,60628,41.83,-87.68,1,3,17,031
559,2015-03-08,Oconee,South Carolina,29678,34.68,-82.95,1,3,45,073
560,2015-03-07,St. Louis City,Missouri,63103,38.63,-90.24,0,4,29,189
561,2015-03-04,San Bernardino,California,92408,34.07,-117.25,3,4,06,071
562,2015-03-01,Orange,Florida,32819,28.5,-81.37,0,4,12,095
563,2015-03-01,Wayne,Michigan,48213,42.38,-83.1,1,5,26,163
564,2015-02-28,Baltimore City,Maryland,21218,39.3,-76.61,1,3,24,510
565,2015-02-26,Texas,Missouri,65464,37.18,-91.99,8,1,29,215
566,2015-02-25,Harris,Texas,77033,29.76,-95.38,3,1,48,201
567,2015-02-23,Volusia,Florida,32114,29.19,-81.05,0,4,12,127
568,2015-02-22,Bell,Texas,76543,31.09,-97.71,4,1,48,027
569,2015-02-22,Habersham,Georgia,30523,34.6,-83.52,3,2,13,137
570,2015-02-22,Charleston,South Carolina,29405,32.78,-79.99,0,4,45,019
571,2015-02-20,Sacramento,California,95811,38.59,-121.49,0,4,06,067
572,2015-02-17,Pulaski,Arkansas,72209,34.72,-92.35,1,3,05,119
573,2015-02-15,Los Angeles,California,90813,33.78,-118.18,0,5,06,037
574,2015-02-09,Pasco,Florida,34654,28.24,-82.71,3,1,12,101
575,2015-02-08,Crockett,Tennessee,38034,35.91,-89.24,0,6,47,033
576,2015-02-07,Douglas,Georgia,30135,33.74,-84.74,5,2,13,097
577,2015-02-06,Tulsa,Oklahoma,74115,36.12,-95.91,1,4,40,143
578,2015-02-05,None,Ohio,NaN,41.4323067,-81.5102655,3,3,,
579,2015-02-01,Onondaga,New York,13204,43.04,-76.14,0,6,36,067
580,2015-02-01,New York,New York,10031,40.71,-73.99,1,4,36,061
581,2015-01-31,Troup,Georgia,30240,33.03,-84.98,4,0,13,285
582,2015-01-28,Dekalb,Georgia,30088,33.8,-84.17,1,3,,
583,2015-01-26,San Joaquin,California,95206,37.9,-121.4,1,3,06,077
584,2015-01-24,Queens,New York,11413,40.66,-73.75,4,1,36,081
585,2015-01-24,Douglas,Nebraska,68111,41.26,-96.01,3,5,31,055
586,2015-01-23,Suffolk,Massachusetts,02130,42.3,-71.11,0,6,25,025
587,2015-01-20,Montgomery,Tennessee,37042,36.56,-87.34,1,3,47,125
588,2015-01-19,Bexar,Texas,78202,29.45,-98.5,2,5,48,029
589,2015-01-13,Winnebago,Illinois,61101,42.27,-89.06,2,2,17,201
590,2015-01-13,Chesapeake City,Virginia,23321,36.67,-76.3,0,5,51,550
591,2015-01-11,Cumberland,North Carolina,28348,34.97,-78.95,2,5,37,051
592,2015-01-11,Polk,Florida,33810,28.04,-81.96,1,3,12,105
593,2015-01-11,Santa Clara,California,95111,37.28,-121.83,0,5,06,085
594,2015-01-10,Sedgwick,Kansas,67218,37.68,-97.34,2,2,20,173
595,2015-01-09,San Francisco,California,94102,37.77,-122.41,4,0,06,075
596,2015-01-08,Suffolk,Massachusetts,02121,42.35,-71.06,1,3,25,025
597,2015-01-07,Hamilton,Tennessee,37402,35.06,-85.25,1,3,47,065
598,2015-01-06,Miami-Dade,Florida,33147,25.77,-80.2,1,3,12,086
599,2015-01-04,Roanoke City,Virginia,24017,37.27,-79.95,2,4,51,770
600,2015-01-04,Dallas,Texas,75253,32.79,-96.76,3,1,48,113
601,2015-01-02,Chatham,Georgia,31405,32.08,-81.1,1,4,13,051
602,2015-01-01,Shelby,Tennessee,38119,35.1,-90.0,0,5,47,157
603,2016-12-31,Cook,Georgia,31637,31.26,-83.46,2,2,13,075
604,2016-12-31,Harris,Texas,77004,29.76,-95.38,1,3,48,201
605,2016-12-30,Richland,Ohio,44903,40.76,-82.52,0,5,39,139
606,2016-12-30,New Haven,Connecticut,06492,41.44,-72.81,2,3,09,009
607,2016-12-28,Muscogee,Georgia,31906,32.51,-84.87,1,4,13,215
608,2016-12-25,Cook,Illinois,60619,41.83,-87.68,3,4,17,031
609,2016-12-25,Dale,Alabama,36360,31.43,-85.64,0,4,01,045
610,2016-12-25,Westchester,New York,10550,40.91,-73.82,1,5,36,119
611,2016-12-24,Rockingham,North Carolina,27025,36.38,-79.97,0,7,37,157
612,2016-12-24,Wilson,North Carolina,27893,35.73,-77.92,4,0,37,195
613,2016-12-23,Jefferson,Alabama,35234,33.52,-86.79,1,3,01,073
614,2016-12-23,Cook,Illinois,60644,41.83,-87.68,0,4,17,031
615,2016-12-17,Cook,Illinois,60628,41.83,-87.68,5,0,17,031
616,2016-12-17,Mecklenburg,North Carolina,28206,35.19,-80.83,0,4,37,119
617,2016-12-16,Cook,Illinois,60612,41.83,-87.68,0,4,17,031
618,2016-12-16,Cook,Illinois,60632,41.83,-87.68,2,2,17,031
619,2016-12-12,Sacramento,California,95841,38.66,-121.35,1,3,06,067
620,2016-12-11,Kings,New York,11237,40.64,-73.94,0,4,36,047
621,2016-12-11,Orange,Florida,32808,28.5,-81.37,1,4,12,095
622,2016-12-11,Baltimore City,Maryland,21225,39.22,-76.61,0,5,24,510
623,2016-12-11,Edgecombe,North Carolina,27801,35.95,-77.81,0,4,37,065
624,2016-12-09,None,Texas,NaN,29.7760599,-95.11465330000001,4,0,,
625,2016-12-09,Fresno,California,93706,36.64,-119.91,0,4,06,019
626,2016-12-05,Bernalillo,New Mexico,87123,35.11,-106.62,4,1,35,001
627,2016-12-03,Los Angeles,California,90047,33.95,-118.3,0,6,06,037
628,2016-12-02,Essex,New Jersey,07003,40.81,-74.18,0,6,34,013
629,2016-12-01,None,California,NaN,39.0262841,-122.6719304,1,3,,
630,2016-11-30,Baltimore City,Maryland,21216,39.3,-76.61,2,4,24,510
631,2016-11-28,Hidalgo,Texas,78572,26.21,-98.31,1,3,48,215
632,2016-11-28,Los Angeles,California,90744,33.77,-118.26,0,4,06,037
633,2016-11-28,Los Angeles,California,90731,33.73,-118.29,0,4,06,037
634,2016-11-27,Orleans Parish,Louisiana,70112,30.06,-89.93,1,9,22,071
635,2016-11-27,Jackson,Missouri,64132,39.09,-94.58,0,7,29,095
636,2016-11-26,Cook,Illinois,60617,41.83,-87.68,1,5,17,031
637,2016-11-25,Orleans Parish,Louisiana,70113,30.06,-89.93,0,4,22,071
638,2016-11-24,Jefferson,Kentucky,40211,38.22,-85.74,2,4,21,111
639,2016-11-24,Albany,New York,12206,42.66,-73.79,1,3,36,001
640,2016-11-23,Desoto,Mississippi,38654,34.95,-89.82,0,4,,
641,2016-11-22,Hendry,Florida,33440,26.75,-80.93,1,4,12,051
642,2016-11-18,Cook,Illinois,60639,41.83,-87.68,0,4,17,031
643,2016-11-17,Dyer,Tennessee,38024,36.03,-89.38,1,7,47,045
644,2016-11-13,Duval,Florida,32209,30.33,-81.65,3,2,12,031
645,2016-11-13,Bexar,Texas,78218,29.45,-98.5,0,4,48,029
646,2016-11-13,San Diego,California,92105,32.73,-117.08,3,2,06,073
647,2016-11-13,Orange,Florida,32811,28.5,-81.37,0,4,12,095
648,2016-11-12,Sacramento,California,95828,38.48,-121.4,1,5,06,067
649,2016-11-12,None,Missouri,NaN,39.0997265,-94.5785667,1,3,,
650,2016-11-12,Fairfield,Connecticut,06604,41.18,-73.19,0,5,09,001
651,2016-11-11,Harris,Texas,77012,29.76,-95.38,0,4,48,201
652,2016-11-10,Harris,Texas,77085,29.76,-95.38,1,3,48,201
653,2016-11-09,King,Washington,98101,47.61,-122.33,0,5,53,033
654,2016-11-09,Cook,Illinois,60624,41.83,-87.68,1,3,17,031
655,2016-11-09,Shelby,Tennessee,38116,35.1,-90.0,0,4,47,157
656,2016-11-05,Broward,Florida,33312,26.14,-80.13,1,3,12,011
657,2016-11-05,Bexar,Texas,78217,29.45,-98.5,0,4,48,029
658,2016-11-05,Horry,South Carolina,29582,33.82,-78.67,0,5,45,051
659,2016-11-05,Alameda,California,94612,37.8,-122.27,0,8,06,001
660,2016-11-05,Cook,Illinois,60640,41.83,-87.68,0,5,17,031
661,2016-11-04,Philadelphia,Pennsylvania,19143,39.95,-75.16,0,4,42,101
662,2016-11-03,Cook,Illinois,60617,41.83,-87.68,2,2,17,031
663,2016-11-03,Essex,New Jersey,07050,40.76,-74.23,2,2,34,013
664,2016-11-02,Pulaski,Arkansas,72206,34.72,-92.35,1,4,05,119
665,2016-11-01,Shelby,Tennessee,38118,35.1,-90.0,1,5,47,157
666,2016-10-31,Caddo Parish,Louisiana,71106,32.47,-93.79,0,4,22,017
667,2016-10-30,Lucas,Ohio,43607,41.66,-83.58,0,4,39,095
668,2016-10-30,New York,New York,10002,40.71,-73.99,0,4,36,061
669,2016-10-30,Orange,New York,12550,41.5,-74.02,2,5,36,071
670,2016-10-30,Prince George'S,Maryland,20743,38.87,-76.9,3,3,,
671,2016-10-30,Bexar,Texas,78238,29.45,-98.5,0,5,48,029
672,2016-10-29,Montgomery,Ohio,45406,39.77,-84.19,1,3,39,113
673,2016-10-29,Los Angeles,California,90047,33.95,-118.3,0,5,06,037
674,2016-10-29,Riverside,California,92504,33.9,-117.4,0,4,06,065
675,2016-10-28,Hinds,Mississippi,39213,32.32,-90.2,0,6,28,049
676,2016-10-28,Miami-Dade,Florida,33056,25.93,-80.26,0,4,12,086
677,2016-10-27,Butts,Georgia,30233,33.29,-83.96,4,0,13,035
678,2016-10-25,Montgomery,Ohio,45405,39.77,-84.19,1,3,39,113
679,2016-10-25,Roanoke City,Virginia,24013,37.27,-79.95,2,3,51,770
680,2016-10-23,None,Oklahoma,NaN,39.1234054,-82.53293769999999,1,5,,
681,2016-10-22,Alameda,California,94605,37.75,-122.13,0,7,06,001
682,2016-10-18,San Francisco,California,94108,37.79,-122.4,0,4,06,075
683,2016-10-17,Cook,Illinois,60636,41.83,-87.68,1,4,17,031
684,2016-10-15,Mobile,Alabama,36617,30.68,-88.04,0,5,01,097
685,2016-10-15,Winnebago,Illinois,61108,42.27,-89.06,1,5,17,201
686,2016-10-15,Los Angeles,California,90016,34.02,-118.35,4,11,06,037
687,2016-10-14,Cook,Illinois,60624,41.83,-87.68,1,6,17,031
688,2016-10-13,Cook,Illinois,60612,41.83,-87.68,0,4,17,031
689,2016-10-09,Kent,Michigan,49508,42.96,-85.65,1,8,26,081
690,2016-10-09,Sacramento,California,95815,38.6,-121.46,1,3,06,067
691,2016-10-08,Kings,New York,11209,40.64,-73.94,0,4,36,047
692,2016-10-04,Orleans Parish,Louisiana,70119,30.06,-89.93,3,2,22,071
693,2016-10-03,Hennepin,Minnesota,55401,44.96,-93.26,0,4,27,053
694,2016-10-02,Bexar,Texas,78204,29.45,-98.5,1,4,48,029
695,2016-10-01,Kankakee,Illinois,60958,41.11,-87.56,4,0,17,091
696,2016-10-01,Fresno,California,93702,36.74,-119.75,0,4,06,019
697,2016-09-29,San Francisco,California,94102,37.77,-122.41,1,3,06,075
698,2016-09-26,Forsyth,North Carolina,27105,36.1,-80.24,0,4,37,067
699,2016-09-26,Harris,Texas,77338,29.99,-95.26,0,4,48,201
700,2016-09-26,Harris,Texas,77005,29.76,-95.38,1,6,48,201
701,2016-09-25,Champaign,Illinois,61820,40.11,-88.26,1,3,17,019
702,2016-09-24,Baltimore City,Maryland,21202,39.3,-76.61,0,8,24,510
703,2016-09-23,Skagit,Washington,98233,48.53,-122.31,5,0,53,057
704,2016-09-18,Philadelphia,Pennsylvania,19134,39.95,-75.16,0,4,42,101
705,2016-09-18,Allegheny,Pennsylvania,15212,40.43,-79.97,0,4,42,003
706,2016-09-18,Lynchburg City,Virginia,24504,37.4,-79.19,1,3,51,680
707,2016-09-17,Miami-Dade,Florida,33177,25.77,-80.2,0,6,12,086
708,2016-09-17,Orange,Florida,32805,28.5,-81.37,1,6,12,095
709,2016-09-17,Marion,Indiana,46260,39.77,-86.14,2,2,18,097
710,2016-09-17,District Of Columbia,District of Columbia,20020,38.89,-77.03,2,7,,
711,2016-09-16,Los Angeles,California,90004,34.07,-118.31,2,2,06,037
712,2016-09-16,Philadelphia,Pennsylvania,19139,39.95,-75.16,2,5,42,101
713,2016-09-14,Harris,Texas,77396,29.99,-95.26,1,3,48,201
714,2016-09-13,Allen,Indiana,46803,41.07,-85.13,3,2,18,003
715,2016-09-11,Allen,Indiana,46806,41.07,-85.13,3,1,18,003
716,2016-09-11,Orleans Parish,Louisiana,70125,30.06,-89.93,1,5,22,071
717,2016-09-11,Jackson,Missouri,64111,39.09,-94.58,0,6,29,095
718,2016-09-11,Saginaw,Michigan,48604,43.41,-83.94,0,5,26,145
719,2016-09-11,Craven,North Carolina,28560,35.11,-77.07,0,5,37,049
720,2016-09-11,Hudson,New Jersey,07306,40.71,-74.06,1,3,34,017
721,2016-09-10,Miami-Dade,Florida,33142,25.77,-80.2,1,3,12,086
722,2016-09-08,Travis,Texas,78617,30.16,-97.6,4,0,48,453
723,2016-09-08,Garland,Arkansas,71913,34.5,-93.05,1,4,05,051
724,2016-09-05,Cook,Illinois,60612,41.83,-87.68,2,3,17,031
725,2016-09-05,Berks,Pennsylvania,19604,40.33,-75.92,0,4,42,011
726,2016-09-04,Roanoke City,Virginia,24012,37.27,-79.95,1,10,51,770
727,2016-09-03,New Hanover,North Carolina,28405,34.21,-77.91,1,3,37,129
728,2016-09-03,None,Illinois,NaN,41.8781136,-87.6297982,0,4,,
729,2016-08-30,Fulton,Georgia,30308,33.77,-84.37,0,4,13,121
730,2016-08-30,Cook,Illinois,60636,41.83,-87.68,0,4,17,031
731,2016-08-29,Atlantic,New Jersey,08215,39.56,-74.59,1,5,34,001
732,2016-08-28,Lubbock,Texas,79401,33.57,-101.87,0,6,48,303
733,2016-08-28,Bronx,New York,10455,40.84,-73.87,0,4,36,005
734,2016-08-28,St. Louis City,Missouri,63118,38.63,-90.24,2,2,29,189
735,2016-08-28,Tallapoosa,Alabama,36853,32.83,-85.76,0,5,01,123
736,2016-08-27,Jefferson,Alabama,35020,33.37,-86.96,1,6,01,073
737,2016-08-27,Miami-Dade,Florida,33147,25.77,-80.2,2,4,12,086
738,2016-08-25,Cumberland,New Jersey,08302,39.42,-75.22,0,5,34,011
739,2016-08-21,Suffolk,Massachusetts,02110,42.35,-71.06,0,4,25,025
740,2016-08-21,Fairfield,Connecticut,06610,41.18,-73.19,0,13,09,001
741,2016-08-20,New Haven,Connecticut,06514,41.37,-72.9,0,4,09,009
742,2016-08-20,Pierce,Washington,98402,47.26,-122.44,0,5,53,053
743,2016-08-20,Mobile,Alabama,36522,31.09,-88.24,5,0,01,097
744,2016-08-18,Washington,Connecticut,05676,44.33,-72.75,0,4,,
745,2016-08-17,None,California,NaN,37.8043637,-122.2711137,0,4,,
746,2016-08-14,Norfolk City,Virginia,23523,36.84,-76.28,0,4,51,710
747,2016-08-14,Hennepin,Minnesota,55411,44.96,-93.26,0,5,27,053
748,2016-08-13,Los Angeles,California,90043,33.98,-118.33,0,4,06,037
749,2016-08-13,Milwaukee,Wisconsin,53216,43.06,-87.96,2,2,55,079
750,2016-08-13,Queens,New York,11418,40.69,-73.83,0,4,36,081
751,2016-08-13,Jasper,Missouri,64804,37.08,-94.5,0,4,29,097
752,2016-08-12,Duval,Florida,32206,30.33,-81.65,1,3,12,031
753,2016-08-12,Dallas,Texas,75238,32.79,-96.76,1,3,48,113
754,2016-08-11,Philadelphia,Pennsylvania,19144,39.95,-75.16,0,4,42,101
755,2016-08-10,Cook,Illinois,60201,42.04,-87.68,0,4,17,031
756,2016-08-10,Sacramento,California,95823,38.47,-121.44,1,3,06,067
757,2016-08-08,Duval,Florida,32205,30.33,-81.65,0,7,12,031
758,2016-08-08,Bernalillo,New Mexico,87123,35.11,-106.62,2,2,35,001
759,2016-08-07,Los Angeles,California,90003,33.96,-118.27,1,3,06,037
760,2016-08-07,Warren,Mississippi,39183,32.32,-90.87,1,3,28,149
761,2016-08-07,Jefferson,Colorado,80002,39.82,-105.1,2,2,08,059
762,2016-08-07,Cook,Illinois,60624,41.83,-87.68,0,4,17,031
763,2016-08-06,Berks,Pennsylvania,19608,40.33,-75.92,5,0,42,011
764,2016-08-05,Oakland,Michigan,48341,42.64,-83.28,1,3,26,125
765,2016-08-05,Riverside,California,92570,33.78,-117.33,2,2,06,065
766,2016-08-04,Shelby,Tennessee,38107,35.1,-90.0,0,4,47,157
767,2016-08-03,Dekalb,Georgia,30032,33.77,-84.29,1,3,,
768,2016-08-02,Broward,Florida,33023,26.02,-80.16,0,4,12,011
769,2016-08-01,Vanderburgh,Indiana,47713,37.98,-87.54,0,4,18,163
770,2016-07-31,Miami-Dade,Florida,33189,25.77,-80.2,3,1,12,086
771,2016-07-31,Travis,Texas,78701,30.26,-97.74,1,4,48,453
772,2016-07-30,St. Louis City,Missouri,63108,38.63,-90.24,0,5,29,189
773,2016-07-30,Snohomish,Washington,98275,47.91,-122.3,3,1,53,061
774,2016-07-30,None,Georgia,NaN,31.5332762,-81.4270478,0,5,,
775,2016-07-29,Clarke,Georgia,30601,33.95,-83.39,0,7,13,059
776,2016-07-28,Chemung,New York,14901,42.08,-76.8,0,5,36,015
777,2016-07-28,None,Maryland,NaN,39.2903848,-76.6121893,0,4,,
778,2016-07-28,Cook,Illinois,60609,41.83,-87.68,2,2,17,031
779,2016-07-25,L,Florida,33901,26.63,-81.85,2,19,,
780,2016-07-24,Butler,Ohio,45013,39.39,-84.56,1,7,39,017
781,2016-07-23,Dorchester,South Carolina,29420,32.92,-80.09,0,4,45,035
782,2016-07-23,Hamilton,Ohio,45223,39.09,-84.51,2,2,39,061
783,2016-07-23,Kings,New York,11218,40.64,-73.94,0,4,36,047
784,2016-07-23,Bastrop,Texas,78602,30.11,-97.3,4,1,48,021
785,2016-07-22,Kankakee,Illinois,60901,41.11,-87.86,0,5,17,091
786,2016-07-21,Cook,Illinois,60638,41.83,-87.68,0,5,17,031
787,2016-07-20,Fresno,California,93727,36.75,-119.67,0,4,06,019
788,2016-07-19,Crittenden,Arkansas,72301,35.14,-90.18,0,4,05,035
789,2016-07-17,Harris,Texas,77016,29.76,-95.38,1,3,48,201
790,2016-07-17,Wayne,Michigan,48208,42.38,-83.1,0,4,26,163
791,2016-07-17,East Baton Rouge Parish,Louisiana,70815,30.44,-91.12,4,3,22,033
792,2016-07-16,Dallas,Texas,75217,32.79,-96.76,0,5,48,113
793,2016-07-16,Cuyahoga,Ohio,44103,41.47,-81.67,0,5,39,035
794,2016-07-16,San Bernardino,California,92405,34.14,-117.3,0,4,06,071
795,2016-07-16,Kern,California,93304,35.33,-119.02,1,14,06,029
796,2016-07-16,Montgomery,Tennessee,37040,36.56,-87.34,0,6,47,125
797,2016-07-15,Cowlitz,Washington,98674,45.94,-122.67,3,1,53,015
798,2016-07-14,Harris,Texas,77532,29.91,-95.05,3,1,48,201
799,2016-07-14,Alameda,California,94607,37.81,-122.3,0,4,06,001
800,2016-07-14,Summit,Ohio,44307,41.08,-81.52,1,3,39,153
801,2016-07-13,Houston,Georgia,31093,32.61,-83.63,0,5,13,153
802,2016-07-13,St. Louis City,Missouri,63118,38.63,-90.24,2,2,29,189
803,2016-07-11,Baltimore City,Maryland,21217,39.3,-76.61,0,5,24,510
804,2016-07-11,Jackson,Michigan,49203,42.24,-84.4,0,4,26,075
805,2016-07-11,District Of Columbia,District of Columbia,20019,38.89,-77.03,0,4,,
806,2016-07-11,Berrien,Michigan,49085,42.03,-86.45,3,2,26,021
807,2016-07-07,East Baton Rouge Parish,Louisiana,70806,30.44,-91.12,0,4,22,033
808,2016-07-07,Dallas,Texas,75202,32.79,-96.76,5,9,48,113
809,2016-07-07,Sullivan,Tennessee,37620,36.56,-82.19,1,4,47,163
810,2016-07-05,Los Angeles,California,90011,34.0,-118.25,0,4,06,037
811,2016-07-04,Kings,New York,11233,40.64,-73.94,0,7,36,047
812,2016-07-04,Allegheny,Pennsylvania,15222,40.43,-79.97,0,4,42,003
813,2016-07-04,Cook,Illinois,60636,41.83,-87.68,0,4,17,031
814,2016-07-04,Cuyahoga,Ohio,44102,41.47,-81.67,0,4,39,035
815,2016-07-04,Harris,Texas,77019,29.76,-95.38,3,2,48,201
816,2016-07-04,Maricopa,Arizona,85041,33.38,-112.11,2,6,04,013
817,2016-07-03,Ouachita Parish,Louisiana,71201,32.51,-92.08,2,3,22,073
818,2016-07-03,Hamilton,Tennessee,37406,35.06,-85.25,0,4,47,065
819,2016-06-30,Cook,Illinois,60643,41.83,-87.68,1,4,17,031
820,2016-06-29,Clark,Nevada,89108,36.21,-115.21,5,0,32,003
821,2016-06-28,Los Angeles,California,90061,33.92,-118.27,1,3,06,037
822,2016-06-28,Cook,Illinois,60623,41.83,-87.68,0,4,17,031
823,2016-06-27,Marion,Oregon,97071,45.13,-122.82,3,1,41,047
824,2016-06-26,None,South Carolina,NaN,34.6173803,-79.68478139999999,0,4,,
825,2016-06-26,Mecklenburg,North Carolina,28208,35.19,-80.83,0,5,37,119
826,2016-06-26,Dekalb,Georgia,30316,33.72,-84.32,1,4,,
827,2016-06-26,Harris,Texas,77081,29.76,-95.38,1,3,48,201
828,2016-06-26,Nueces,Texas,78405,27.8,-97.39,0,4,48,355
829,2016-06-25,Tarrant,Texas,76102,32.75,-97.33,2,5,48,439
830,2016-06-25,Norfolk City,Virginia,23523,36.84,-76.28,0,4,51,710
831,2016-06-25,Cook,Illinois,60643,41.83,-87.68,0,4,17,031
832,2016-06-24,Wyandotte,Kansas,66101,39.1,-94.62,0,4,20,209
833,2016-06-24,Hartford,Connecticut,06120,41.76,-72.68,0,5,09,003
834,2016-06-24,Prince George'S,Maryland,20747,38.85,-76.88,3,2,,
835,2016-06-22,None,Washington,NaN,47.0378741,-122.9006951,3,1,,
836,2016-06-22,None,Georgia,NaN,33.7956441,-84.2278796,1,4,,
837,2016-06-22,Cook,Illinois,60612,41.83,-87.68,0,4,17,031
838,2016-06-21,Burlington,New Jersey,08046,40.02,-74.88,0,4,34,005
839,2016-06-21,Jefferson,Kentucky,40208,38.22,-85.74,2,2,21,111
840,2016-06-19,Roanoke City,Virginia,24017,37.27,-79.95,0,4,51,770
841,2016-06-18,Northampton,Virginia,23350,37.53,-75.82,1,3,51,131
842,2016-06-18,Ware,Georgia,31501,31.21,-82.35,2,2,13,299
843,2016-06-18,Cook,Illinois,60649,41.83,-87.68,0,4,17,031
844,2016-06-14,New Castle,Delaware,19805,39.73,-75.53,0,4,10,003
845,2016-06-14,Alameda,California,94612,37.8,-122.27,1,3,06,001
846,2016-06-13,Fresno,California,93702,36.74,-119.75,0,4,06,019
847,2016-06-13,Kings,New York,11203,40.64,-73.94,0,5,36,047
848,2016-06-13,Cook,Illinois,60624,41.83,-87.68,0,5,17,031
849,2016-06-12,Orange,Florida,32806,28.5,-81.37,50,53,12,095
850,2016-06-11,Chaves,New Mexico,88201,33.37,-104.52,5,0,35,005
851,2016-06-11,Rice,Minnesota,55088,44.5,-93.34,0,4,27,131
852,2016-06-11,Mecklenburg,North Carolina,28262,35.19,-80.83,1,3,37,119
853,2016-06-11,San Joaquin,California,95204,37.97,-121.32,1,3,06,077
854,2016-06-11,Los Angeles,California,91402,34.22,-118.44,3,2,06,037
855,2016-06-09,Okaloosa,Florida,32547,30.42,-86.61,0,4,12,091
856,2016-06-08,District Of Columbia,District of Columbia,20001,38.89,-77.03,0,4,,
857,2016-06-08,Suffolk,Massachusetts,02135,42.35,-71.15,1,3,25,025
858,2016-06-06,Tulare,California,93277,36.29,-119.38,0,4,06,107
859,2016-06-05,Hennepin,Minnesota,55405,44.96,-93.26,0,4,27,053
860,2016-06-05,L,Florida,33914,26.63,-81.99,3,3,,
861,2016-06-05,Maricopa,Arizona,85051,33.55,-112.13,2,4,04,013
862,2016-06-05,Kings,New York,11224,40.64,-73.94,0,4,36,047
863,2016-06-04,Denver,Colorado,80207,39.76,-104.87,3,1,08,031
864,2016-05-31,Cook,Illinois,60624,41.83,-87.68,0,4,17,031
865,2016-05-31,Allen,Indiana,46815,41.07,-85.13,0,4,18,003
866,2016-05-30,Baltimore City,Maryland,21212,39.3,-76.61,0,5,24,510
867,2016-05-30,Sacramento,California,95824,38.51,-121.44,0,5,06,067
868,2016-05-29,Clark,Nevada,89101,36.17,-115.12,0,4,32,003
869,2016-05-29,Mercer,New Jersey,08618,40.22,-74.76,0,6,34,021
870,2016-05-29,Marion,Indiana,46225,39.77,-86.14,0,4,18,097
871,2016-05-29,Harris,Texas,77079,29.76,-95.38,2,6,48,201
872,2016-05-23,Essex,New Jersey,07106,40.72,-74.17,0,5,34,013
873,2016-05-22,Orleans Parish,Louisiana,70118,30.06,-89.93,0,4,22,071
874,2016-05-22,San Joaquin,California,95202,37.95,-121.28,1,3,06,077
875,2016-05-22,Davidson,Tennessee,37203,36.17,-86.78,0,4,47,037
876,2016-05-21,None,Georgia,NaN,37.0328728,-95.6316455,1,3,,
877,2016-05-18,Marion,Indiana,46218,39.77,-86.14,0,4,18,097
878,2016-05-17,Charleston,South Carolina,29470,32.77,-80.22,3,1,45,019
879,2016-05-15,Vanderburgh,Indiana,47711,37.98,-87.54,0,4,18,163
880,2016-05-15,Colquitt,Georgia,31788,31.12,-83.68,5,0,13,071
881,2016-05-14,None,Georgia,NaN,33.7489954,-84.3879824,0,5,,
882,2016-05-14,Kanawha,West Virginia,25387,38.35,-81.63,1,3,54,039
883,2016-05-11,Jefferson,Alabama,35234,33.52,-86.79,1,4,01,073
884,2016-05-11,Cook,Illinois,60619,41.83,-87.68,0,5,17,031
885,2016-05-08,Travis,Texas,78753,30.26,-97.74,1,3,48,453
886,2016-05-06,Wayne,Michigan,48205,42.38,-83.1,1,4,26,163
887,2016-05-06,Montgomery,Alabama,36104,32.35,-86.28,1,3,01,101
888,2016-05-06,Montgomery,Maryland,20817,38.98,-77.12,3,3,24,031
889,2016-05-05,Caddo Parish,Louisiana,71107,32.47,-93.79,2,6,22,017
890,2016-05-05,Miami-Dade,Florida,33125,25.77,-80.2,1,3,12,086
891,2016-05-04,Hennepin,Minnesota,55411,44.96,-93.26,1,7,27,053
892,2016-05-01,Rutherford,Tennessee,37127,35.85,-86.39,0,5,47,149
893,2016-04-29,St. Louis,Missouri,63135,38.63,-90.24,0,4,29,189
894,2016-04-29,Alameda,California,94608,37.83,-122.29,0,5,06,001
895,2016-04-27,East Baton Rouge Parish,Louisiana,70814,30.44,-91.12,2,2,22,033
896,2016-04-27,Montgomery,Mississippi,39747,33.43,-89.56,3,1,28,097
897,2016-04-26,Prince George'S,Maryland,20747,38.85,-76.88,1,4,,
898,2016-04-25,Davidson,Tennessee,37209,36.17,-86.78,0,4,47,037
899,2016-04-25,Miami-Dade,Florida,33147,25.77,-80.2,0,5,12,086
900,2016-04-24,Halifax,Virginia,24558,36.76,-78.93,0,5,51,083
901,2016-04-24,Cook,Illinois,60636,41.83,-87.68,2,3,17,031
902,2016-04-24,Denver,Colorado,80204,39.76,-104.87,0,4,08,031
903,2016-04-23,Clark,Nevada,89142,36.14,-115.03,1,3,32,003
904,2016-04-23,L,Alabama,36804,32.65,-85.37,3,1,,
905,2016-04-23,New York,New York,10030,40.71,-73.99,0,4,36,061
906,2016-04-23,Shawnee,Kansas,66609,39.03,-95.69,1,4,20,177
907,2016-04-22,Pike,Ohio,45661,39.06,-82.99,8,0,39,131
908,2016-04-22,Columbia,Georgia,30802,33.6,-82.31,6,0,13,073
909,2016-04-21,Baltimore City,Maryland,21206,39.3,-76.61,0,4,24,510
910,2016-04-19,Blount,Alabama,35031,34.08,-86.58,1,4,01,009
911,2016-04-19,Cook,Illinois,60632,41.83,-87.68,1,3,17,031
912,2016-04-19,Cook,Illinois,60620,41.83,-87.68,1,4,17,031
913,2016-04-18,Los Angeles,California,90813,33.78,-118.18,1,3,06,037
914,2016-04-17,Philadelphia,Pennsylvania,19140,39.95,-75.16,3,1,42,101
915,2016-04-17,Anderson,South Carolina,29669,34.64,-82.46,1,3,45,007
916,2016-04-17,Hidalgo,Texas,78504,26.21,-98.23,1,6,48,215
917,2016-04-16,Wayne,Michigan,48211,42.38,-83.1,1,4,26,163
918,2016-04-16,Orange,Florida,32805,28.5,-81.37,2,4,12,095
919,2016-04-16,Coffee,Alabama,36330,31.32,-85.84,0,4,01,031
920,2016-04-10,Milwaukee,Wisconsin,53218,43.06,-87.96,1,3,55,079
921,2016-04-10,Los Angeles,California,90003,33.96,-118.27,0,4,06,037
922,2016-04-09,Shelby,Tennessee,38115,35.1,-90.0,0,4,47,157
923,2016-04-09,Calhoun,Alabama,36201,33.66,-85.81,0,4,01,015
924,2016-04-09,Bernalillo,New Mexico,87106,35.11,-106.62,0,4,35,001
925,2016-04-07,Cook,Illinois,60649,41.83,-87.68,0,4,17,031
926,2016-03-31,Cook,Illinois,60636,41.83,-87.68,0,4,17,031
927,2016-03-25,Cook,Illinois,60624,41.83,-87.68,0,4,17,031
928,2016-03-25,Denver,Colorado,80230,39.76,-104.87,0,4,08,031
929,2016-03-21,Cook,Illinois,60644,41.83,-87.68,0,4,17,031
930,2016-03-19,Broward,Florida,33325,26.14,-80.13,1,4,12,011
931,2016-03-19,Elmore,Alabama,36092,32.54,-86.2,2,2,01,051
932,2016-03-15,None,Georgia,NaN,33.7489954,-84.3879824,0,5,,
933,2016-03-13,L,Florida,33907,26.63,-81.85,0,4,,
934,2016-03-12,Multnomah,Oregon,97233,45.51,-122.49,0,4,41,051
935,2016-03-12,Alameda,California,94602,37.8,-122.21,0,4,06,001
936,2016-03-11,Wayne,Michigan,48206,42.38,-83.1,2,2,26,163
937,2016-03-11,Mercer,New Jersey,08618,40.22,-74.76,0,5,34,021
938,2016-03-09,Allegheny,Pennsylvania,15221,40.43,-79.97,5,3,42,003
939,2016-03-08,Bexar,Texas,78202,29.45,-98.5,2,3,48,029
940,2016-03-07,Lafayette Parish,Louisiana,70501,30.21,-92.02,0,4,22,055
941,2016-03-07,Wyandotte,Kansas,66106,39.1,-94.62,5,0,20,209
942,2016-03-06,Suffolk,Massachusetts,02150,42.39,-71.03,1,6,25,025
943,2016-03-06,Fulton,Georgia,30075,34.03,-84.35,0,4,13,121
944,2016-03-06,Los Angeles,California,90220,33.87,-118.24,1,8,06,037
945,2016-03-05,Sedgwick,Kansas,67202,37.68,-97.34,0,4,20,173
946,2016-03-04,Franklin,Ohio,43201,39.98,-82.98,1,3,39,049
947,2016-02-28,Wayne,Michigan,48204,42.38,-83.1,0,5,26,163
948,2016-02-28,Riverside,California,91752,33.99,-117.53,1,3,06,065
949,2016-02-27,Prince William,Virginia,22192,38.63,-77.26,2,2,51,153
950,2016-02-26,Mason,Washington,98528,47.43,-122.92,5,0,53,045
951,2016-02-25,Harvey,Kansas,67062,38.13,-97.42,4,14,20,079
952,2016-02-23,Maricopa,Arizona,85304,33.59,-112.17,5,0,04,013
953,2016-02-23,Volusia,Florida,32114,29.19,-81.05,0,4,12,127
954,2016-02-21,Harris,Texas,77021,29.76,-95.38,0,5,48,201
955,2016-02-21,St. Louis,Missouri,63042,38.77,-90.35,1,3,29,189
956,2016-02-20,Hillsborough,Florida,33618,27.95,-82.48,1,3,12,057
957,2016-02-20,Kalamazoo,Michigan,49009,42.27,-85.58,6,2,26,077
958,2016-02-20,Jefferson,Alabama,35022,33.37,-86.96,1,3,01,073
959,2016-02-20,Orange,Florida,32805,28.5,-81.37,0,4,12,095
960,2016-02-20,Tishomingo,Mississippi,38852,34.8,-88.19,2,3,28,141
961,2016-02-19,Platte,Missouri,64444,39.5,-94.63,4,0,29,165
962,2016-02-19,Solano,California,94590,38.09,-122.25,1,3,06,095
963,2016-02-14,Harris,Texas,77017,29.76,-95.38,1,3,48,201
964,2016-02-14,Greene,Alabama,35462,32.84,-87.89,0,5,01,063
965,2016-02-13,Jefferson Parish,Louisiana,70072,29.88,-90.11,0,4,22,051
966,2016-02-07,Harrison,Mississippi,39571,30.31,-89.24,2,4,28,047
967,2016-02-07,Orange,Florida,32819,28.5,-81.37,2,10,12,095
968,2016-02-07,Monroe,New York,14608,43.16,-77.61,1,7,36,055
969,2016-02-07,Cook,Illinois,60621,41.83,-87.68,0,4,17,031
970,2016-02-06,Los Angeles,California,90061,33.92,-118.27,1,3,06,037
971,2016-02-06,Orange,Florida,32703,28.68,-81.51,0,4,12,095
972,2016-02-06,Hillsborough,Florida,33604,27.95,-82.48,2,6,12,057
973,2016-02-03,District Of Columbia,District of Columbia,20020,38.89,-77.03,0,4,,
974,2016-01-30,Maricopa,Arizona,85303,33.53,-112.22,3,5,04,013
975,2016-01-27,Chesapeake City,Virginia,23323,36.67,-76.3,6,0,51,550
976,2016-01-26,King,Washington,98134,47.57,-122.33,2,3,53,033
977,2016-01-25,Riverside,California,92570,33.78,-117.33,1,4,06,065
978,2016-01-23,Los Angeles,California,90003,33.96,-118.27,2,2,06,037
979,2016-01-17,Gloucester,Virginia,23061,37.43,-76.54,1,3,51,073
980,2016-01-11,New Castle,Delaware,19805,39.73,-75.53,1,4,10,003
981,2016-01-08,District Of Columbia,District of Columbia,20003,38.89,-77.03,0,4,,
982,2016-01-08,Cook,Illinois,60623,41.83,-87.68,1,4,17,031
983,2016-01-07,Shelby,Tennessee,38128,35.1,-90.0,1,3,47,157
984,2016-01-06,Polk,Florida,33801,28.04,-81.96,3,1,12,105
985,2017-12-31,Douglas,Colorado,80126,39.59,-105.01,2,6,08,035
986,2017-12-31,Cook,Illinois,60645,41.83,-87.68,0,4,17,031
987,2017-12-31,Monmouth,New Jersey,07740,40.29,-73.98,4,0,34,025
988,2017-12-27,Clark,Nevada,89110,36.17,-115.05,2,2,32,003
989,2017-12-26,Miami-Dade,Florida,33147,25.77,-80.2,0,5,12,086
990,2017-12-24,Warren,Mississippi,39183,32.32,-90.87,0,5,28,149
991,2017-12-24,Pike,Alabama,36081,31.8,-85.96,1,4,01,109
992,2017-12-23,St. Landry Parish,Louisiana,70535,30.49,-92.41,1,3,22,097
993,2017-12-23,Jefferson,Alabama,35203,33.52,-86.79,0,4,01,073
994,2017-12-21,Lafayette Parish,Louisiana,70506,30.21,-92.02,0,4,22,055
995,2017-12-21,Philadelphia,Pennsylvania,19142,39.95,-75.16,1,3,42,101
996,2017-12-16,Attala,Mississippi,39090,33.05,-89.58,0,4,28,007
997,2017-12-15,Los Angeles,California,91331,34.25,-118.41,0,5,06,037
998,2017-12-13,Franklin,Ohio,43207,39.98,-82.98,1,3,39,049
999,2017-12-12,Jefferson,Kentucky,40210,38.22,-85.74,0,4,21,111
1000,2017-12-12,Dallas,Texas,75040,32.91,-96.62,0,4,48,113
1001,2017-12-09,Suffolk,Massachusetts,02111,42.35,-71.06,0,4,25,025
1002,2017-12-06,Cook,Illinois,60640,41.83,-87.68,0,4,17,031
1003,2017-12-04,Allegheny,Pennsylvania,15206,40.43,-79.97,2,2,42,003
1004,2017-12-03,Shelby,Tennessee,38103,35.1,-90.0,1,3,47,157
1005,2017-12-02,Wayne,Michigan,48202,42.38,-83.1,0,4,26,163
1006,2017-11-30,Wayne,Michigan,48213,42.38,-83.1,1,4,26,163
1007,2017-11-24,Lincoln,Mississippi,39601,31.58,-90.44,1,6,28,085
1008,2017-11-24,Cuyahoga,Ohio,44120,41.47,-81.67,1,5,39,035
1009,2017-11-18,Hennepin,Minnesota,55412,44.96,-93.26,0,4,27,053
1010,2017-11-17,Iberia Parish,Louisiana,70560,30.0,-91.81,0,4,22,045
1011,2017-11-16,Muscogee,Georgia,31901,32.51,-84.87,0,7,13,215
1012,2017-11-14,Tehama,California,96021,39.92,-122.28,6,12,06,103
1013,2017-11-14,Contra Costa,California,94803,37.95,-122.26,2,2,06,013
1014,2017-11-12,Lake,Indiana,46403,41.59,-87.34,0,7,18,089
1015,2017-11-12,Fresno,California,93725,36.6,-119.75,0,5,06,019
1016,2017-11-12,Fulton,Georgia,30303,33.75,-84.39,2,2,13,121
1017,2017-11-11,Dallas,Texas,75215,32.79,-96.76,1,3,48,113
1018,2017-11-11,Orleans Parish,Louisiana,70117,30.06,-89.93,1,5,22,071
1019,2017-11-11,Cumberland,North Carolina,28303,35.05,-78.87,1,5,37,051
1020,2017-11-10,Montgomery,Ohio,45417,39.77,-84.19,0,4,39,113
1021,2017-11-09,Philadelphia,Pennsylvania,19145,39.95,-75.16,0,4,42,101
1022,2017-11-05,Wilson,Texas,78161,29.26,-98.06,27,20,48,493
1023,2017-11-04,Travis,Texas,78758,30.26,-97.74,0,4,48,453
1024,2017-11-04,Mahoning,Ohio,44507,41.09,-80.64,0,4,39,099
1025,2017-11-04,Los Angeles,California,90401,34.01,-118.49,1,3,06,037
1026,2017-11-03,Hennepin,Minnesota,55404,44.96,-93.26,0,4,27,053
1027,2017-11-03,Los Angeles,California,90248,33.88,-118.27,0,4,06,037
1028,2017-11-03,Erie,New York,14215,42.88,-78.85,0,4,36,029
1029,2017-11-03,St. Tammany Parish,Louisiana,70445,30.3,-89.92,1,4,22,103
1030,2017-10-29,Travis,Texas,78751,30.26,-97.74,1,3,48,453
1031,2017-10-28,Lucas,Ohio,43604,41.66,-83.58,0,4,39,095
1032,2017-10-28,Petersburg City,Virginia,23803,37.2,-77.39,1,3,51,730
1033,2017-10-27,Jefferson,Kentucky,40210,38.22,-85.74,0,6,21,111
1034,2017-10-27,San Francisco,California,94115,37.78,-122.43,0,4,06,075
1035,2017-10-23,Lake,California,95423,39.05,-122.55,2,3,06,033
1036,2017-10-22,Hartford,Connecticut,06114,41.76,-72.68,0,4,09,003
1037,2017-10-22,Chambers,Alabama,36863,32.86,-85.2,2,7,01,017
1038,2017-10-21,Duval,Florida,32218,30.33,-81.65,0,4,12,031
1039,2017-10-21,Davidson,Tennessee,37203,36.17,-86.78,0,4,47,037
1040,2017-10-21,Delaware,Pennsylvania,19013,39.84,-75.37,0,4,42,045
1041,2017-10-21,Hillsborough,Florida,33603,27.95,-82.48,0,4,12,057
1042,2017-10-18,Harford,Maryland,21040,39.42,-76.29,3,3,24,025
1043,2017-10-17,Kings,New York,11226,40.64,-73.94,0,4,36,047
1044,2017-10-16,None,Mississippi,NaN,37.09024,-95.712891,1,3,,
1045,2017-10-15,Harris,Texas,77081,29.76,-95.38,2,2,48,201
1046,2017-10-15,Maricopa,Arizona,85037,33.48,-112.25,1,3,04,013
1047,2017-10-12,Orange,California,92656,33.57,-117.72,2,2,06,059
1048,2017-10-11,Lawrence,Ohio,45659,38.66,-82.63,4,0,39,087
1049,2017-10-10,San Francisco,California,94110,37.74,-122.41,0,4,06,075
1050,2017-10-09,Harris,Texas,77021,29.76,-95.38,0,5,48,201
1051,2017-10-07,Maricopa,Arizona,85037,33.48,-112.25,0,4,04,013
1052,2017-10-06,Cook,Illinois,60620,41.83,-87.68,0,5,17,031
1053,2017-10-05,Pinal,Arizona,85122,32.91,-111.74,4,0,04,021
1054,2017-10-03,Miami-Dade,Florida,33147,25.77,-80.2,0,4,12,086
1055,2017-10-01,Douglas,Kansas,66044,38.96,-95.25,3,2,20,045
1056,2017-10-01,Clark,Nevada,89119,36.08,-115.14,59,441,32,003
1057,2017-09-30,Shelby,Tennessee,38106,35.1,-90.0,1,3,47,157
1058,2017-09-28,Orleans Parish,Louisiana,70119,30.06,-89.93,1,3,22,071
1059,2017-09-26,Philadelphia,Pennsylvania,19144,39.95,-75.16,1,3,42,101
1060,2017-09-26,Shelby,Tennessee,38108,35.1,-90.0,0,4,47,157
1061,2017-09-26,Baltimore City,Maryland,21213,39.3,-76.61,2,2,24,510
1062,2017-09-24,Baltimore City,Maryland,21225,39.22,-76.61,0,4,24,510
1063,2017-09-24,Davidson,Tennessee,37013,36.04,-86.64,1,8,47,037
1064,2017-09-24,Onondaga,New York,13210,43.04,-76.14,0,4,36,067
1065,2017-09-24,Atlantic,New Jersey,08330,39.45,-74.72,1,3,34,001
1066,2017-09-23,Kern,California,93309,35.34,-119.07,1,4,06,029
1067,2017-09-23,Vermilion,Illinois,61832,40.14,-87.61,0,5,17,183
1068,2017-09-23,Hartford,Connecticut,06112,41.76,-72.68,2,2,09,003
1069,2017-09-20,Lake,Indiana,46404,41.59,-87.34,0,5,18,089
1070,2017-09-17,Wayne,Michigan,48208,42.38,-83.1,1,3,26,163
1071,2017-09-17,Petersburg City,Virginia,23803,37.2,-77.39,1,4,51,730
1072,2017-09-16,Richland,South Carolina,29201,34.0,-81.03,0,8,45,079
1073,2017-09-13,Shelby,Tennessee,38107,35.1,-90.0,1,5,47,157
1074,2017-09-13,Spokane,Washington,99030,47.48,-117.14,1,3,53,063
1075,2017-09-13,York,Pennsylvania,17401,39.96,-76.73,0,4,42,133
1076,2017-09-13,Philadelphia,Pennsylvania,19133,39.95,-75.16,0,4,42,101
1077,2017-09-10,Orleans Parish,Louisiana,70116,30.06,-89.93,1,3,22,071
1078,2017-09-10,Collin,Texas,75023,33.04,-96.74,9,1,48,085
1079,2017-09-09,None,Alabama,NaN,32.4073589,-87.02110069999999,0,4,,
1080,2017-09-06,Cook,Illinois,60612,41.83,-87.68,0,4,17,031
1081,2017-09-04,Cook,Illinois,60104,41.88,-87.87,0,4,17,031
1082,2017-09-03,Los Angeles,California,90304,33.93,-118.36,2,3,06,037
1083,2017-09-02,Jefferson,Kentucky,40291,38.22,-85.74,0,4,21,111
1084,2017-09-02,Cook,Illinois,60620,41.83,-87.68,1,3,17,031
1085,2017-08-28,Curry,New Mexico,88101,34.41,-103.2,2,4,35,009
1086,2017-08-27,Sacramento,California,95832,38.43,-121.51,1,4,06,067
1087,2017-08-27,Vanderburgh,Indiana,47713,37.98,-87.54,1,3,18,163
1088,2017-08-25,Alachua,Florida,32603,29.67,-82.33,0,4,12,001
1089,2017-08-24,St. Louis,Missouri,63137,38.63,-90.24,4,0,29,189
1090,2017-08-22,Cook,Illinois,60644,41.83,-87.68,0,4,17,031
1091,2017-08-21,None,New Jersey,NaN,40.735657,-74.1723667,0,4,,
1092,2017-08-21,Nash,North Carolina,27891,36.1,-77.71,4,0,37,127
1093,2017-08-21,Essex,New Jersey,07103,40.72,-74.17,1,3,34,013
1094,2017-08-21,Baltimore City,Maryland,21215,39.3,-76.61,1,3,24,510
1095,2017-08-21,Shelby,Tennessee,38105,35.1,-90.0,0,4,47,157
1096,2017-08-20,Kings,New York,11236,40.64,-73.94,0,4,36,047
1097,2017-08-20,Cook,Illinois,60643,41.83,-87.68,2,5,17,031
1098,2017-08-19,Cuyahoga,Ohio,44106,41.47,-81.67,1,4,39,035
1099,2017-08-16,Suffolk,New York,11798,40.74,-73.37,0,4,36,103
1100,2017-08-14,Los Angeles,California,91601,34.16,-118.37,2,2,06,037
1101,2017-08-13,Philadelphia,Pennsylvania,19104,39.95,-75.16,0,5,42,101
1102,2017-08-13,Sacramento,California,95820,38.53,-121.44,0,4,06,067
1103,2017-08-13,Suffolk City,Virginia,23437,36.7,-76.63,0,4,51,800
1104,2017-08-12,St. Louis,Missouri,63138,38.63,-90.24,1,3,29,189
1105,2017-08-08,Cook,Illinois,60653,41.83,-87.68,1,6,17,031
1106,2017-08-06,Bronx,New York,10469,40.84,-73.87,0,6,36,005
1107,2017-08-06,None,New York,NaN,40.8447819,-73.8648268,0,4,,
1108,2017-08-06,Alameda,California,94603,37.73,-122.17,0,7,06,001
1109,2017-08-05,Ocean,New Jersey,08701,40.09,-74.21,0,4,34,029
1110,2017-08-05,Allendale,South Carolina,29810,33.0,-81.3,1,3,45,005
1111,2017-08-05,Leon,Florida,32304,30.45,-84.28,1,3,12,073
1112,2017-08-04,Big Horn,Montana,59050,45.22,-107.42,3,2,30,003
1113,2017-08-03,District Of Columbia,District of Columbia,20018,38.89,-77.03,1,3,,
1114,2017-08-02,Baltimore City,Maryland,21205,39.3,-76.61,0,4,24,510
1115,2017-08-01,Cook,Illinois,60651,41.83,-87.68,0,4,17,031
1116,2017-08-01,Yakima,Washington,98948,46.28,-120.25,0,6,53,077
1117,2017-08-01,Fresno,California,93706,36.64,-119.91,0,7,06,019
1118,2017-07-31,Macon,Illinois,62521,39.85,-88.93,0,4,17,115
1119,2017-07-30,Norfolk City,Virginia,23502,36.84,-76.28,1,5,51,710
1120,2017-07-30,El Paso,Texas,79936,31.84,-106.43,1,3,48,141
1121,2017-07-29,Erie,New York,14215,42.88,-78.85,1,4,36,029
1122,2017-07-29,Rowan,North Carolina,28144,35.66,-80.48,2,3,37,159
1123,2017-07-28,New Castle,Delaware,19801,39.73,-75.53,0,4,10,003
1124,2017-07-27,Cook,Illinois,60649,41.83,-87.68,1,4,17,031
1125,2017-07-26,Guilford,North Carolina,27260,35.98,-79.99,1,6,37,081
1126,2017-07-25,Duval,Florida,32209,30.33,-81.65,1,3,12,031
1127,2017-07-23,Cook,Illinois,60619,41.83,-87.68,1,3,17,031
1128,2017-07-23,East Baton Rouge Parish,Louisiana,70807,30.44,-91.12,0,4,22,033
1129,2017-07-22,Hamilton,Ohio,45202,39.09,-84.51,0,5,39,061
1130,2017-07-19,Henrico,Virginia,23223,37.55,-77.46,0,5,51,087
1131,2017-07-19,Los Angeles,California,90061,33.92,-118.27,1,3,06,037
1132,2017-07-18,Milwaukee,Wisconsin,53210,43.06,-87.96,0,4,55,079
1133,2017-07-18,Mercer,New Jersey,08611,40.22,-74.76,1,3,34,021
1134,2017-07-18,Maricopa,Arizona,85335,33.59,-112.33,0,4,04,013
1135,2017-07-15,Philadelphia,Pennsylvania,19146,39.95,-75.16,1,3,42,101
1136,2017-07-15,Cook,Illinois,60643,41.83,-87.68,0,4,17,031
1137,2017-07-09,Brunswick,Virginia,23868,36.75,-77.85,0,7,51,025
1138,2017-07-08,Madison,Illinois,62024,38.88,-90.1,0,4,17,119
1139,2017-07-08,Hamilton,Ohio,45251,39.09,-84.51,1,8,39,061
1140,2017-07-06,Lauderdale,Mississippi,39301,32.38,-88.71,0,4,28,075
1141,2017-07-05,Chatham,Georgia,31401,32.08,-81.1,0,4,13,051
1142,2017-07-05,Cook,Illinois,60628,41.83,-87.68,2,2,17,031
1143,2017-07-05,Somerset,Maine,04950,44.79,-69.88,4,1,23,025
1144,2017-07-04,Orange,Florida,32809,28.5,-81.37,0,4,12,095
1145,2017-07-04,Hampton City,Virginia,23669,37.04,-76.29,1,4,51,650
1146,2017-07-04,Wake,North Carolina,27601,35.82,-78.65,1,3,37,183
1147,2017-07-03,Autauga,Alabama,36067,32.46,-86.44,3,1,01,001
1148,2017-07-03,Oakland,Michigan,48341,42.64,-83.28,1,3,26,125
1149,2017-07-02,Hudson,New Jersey,07305,40.71,-74.06,0,4,34,017
1150,2017-07-02,Greenwood,South Carolina,29646,34.19,-82.15,0,4,45,047
1151,2017-07-01,Kankakee,Illinois,60954,41.16,-87.66,0,4,17,091
1152,2017-07-01,Essex,New Jersey,07102,40.72,-74.17,2,2,34,013
1153,2017-07-01,Alameda,California,94602,37.8,-122.21,0,4,06,001
1154,2017-07-01,Pulaski,Arkansas,72201,34.72,-92.35,0,25,05,119
1155,2017-06-30,Bronx,New York,10457,40.84,-73.87,2,6,36,005
1156,2017-06-27,Cook,Illinois,60644,41.83,-87.68,0,5,17,031
1157,2017-06-25,District Of Columbia,District of Columbia,20019,38.89,-77.03,0,4,,
1158,2017-06-25,St. Louis City,Missouri,63115,38.63,-90.24,1,3,29,189
1159,2017-06-24,Broward,Florida,33311,26.14,-80.13,1,4,12,011
1160,2017-06-24,New York,New York,10026,40.71,-73.99,0,5,36,061
1161,2017-06-24,Burlington,New Jersey,08046,40.02,-74.88,0,4,34,005
1162,2017-06-22,Fulton,Georgia,30310,33.72,-84.42,1,6,13,121
1163,2017-06-18,St. Louis City,Missouri,63106,38.63,-90.24,3,2,29,189
1164,2017-06-18,District Of Columbia,District of Columbia,20020,38.89,-77.03,0,4,,
1165,2017-06-18,Cook,Illinois,60651,41.83,-87.68,0,4,17,031
1166,2017-06-18,Horry,South Carolina,29575,33.69,-78.89,0,7,45,051
1167,2017-06-17,Cook,Illinois,60644,41.83,-87.68,0,4,17,031
1168,2017-06-17,Franklin,Ohio,43229,39.98,-82.98,1,4,39,049
1169,2017-06-15,Henrico,Virginia,23227,37.55,-77.46,1,3,51,087
1170,2017-06-15,Rio Arriba,New Mexico,87539,36.38,-106.04,5,0,35,039
1171,2017-06-14,Alexandria City,Virginia,22301,38.82,-77.08,1,5,51,510
1172,2017-06-14,Stark,Ohio,44714,40.81,-81.37,0,4,39,151
1173,2017-06-14,San Francisco,California,94107,37.76,-122.39,4,2,06,075
1174,2017-06-13,Baltimore City,Maryland,21216,39.3,-76.61,0,4,24,510
1175,2017-06-13,Baltimore City,Maryland,21218,39.3,-76.61,2,2,24,510
1176,2017-06-13,St. Louis,Missouri,63130,38.63,-90.24,0,4,29,189
1177,2017-06-11,Cook,Illinois,60623,41.83,-87.68,0,9,17,031
1178,2017-06-11,Hamilton,Tennessee,37406,35.06,-85.25,0,4,47,065
1179,2017-06-11,Harris,Texas,77090,29.76,-95.38,0,4,48,201
1180,2017-06-10,Shelby,Tennessee,38104,35.1,-90.0,0,4,47,157
1181,2017-06-09,Tarrant,Texas,76104,32.75,-97.33,2,5,48,439
1182,2017-06-08,Orleans Parish,Louisiana,70122,30.06,-89.93,0,6,22,071
1183,2017-06-06,Salt Lake,Utah,84093,40.59,-111.81,3,2,49,035
1184,2017-06-05,Orange,Florida,32807,28.5,-81.37,6,0,12,095
1185,2017-06-03,St. Louis City,Missouri,63113,38.63,-90.24,2,2,29,189
1186,2017-06-03,Orleans Parish,Louisiana,70119,30.06,-89.93,3,2,22,071
1187,2017-06-02,Los Angeles,California,90003,33.96,-118.27,1,3,06,037
1188,2017-06-02,Webb,Texas,78041,27.53,-99.48,2,3,48,479
1189,2017-06-01,St. Louis City,Missouri,63120,38.63,-90.24,3,1,29,189
1190,2017-05-30,Butler,Ohio,45044,39.5,-84.37,1,3,39,017
1191,2017-05-29,Jefferson,Kentucky,40202,38.22,-85.74,1,3,21,111
1192,2017-05-28,Russell,Alabama,36869,32.46,-85.01,0,12,01,113
1193,2017-05-28,Passaic,New Jersey,07505,40.91,-74.16,1,5,34,031
1194,2017-05-28,Jackson,Mississippi,39563,30.42,-88.52,0,5,28,059
1195,2017-05-27,New York,New York,10014,40.71,-73.99,0,4,36,061
1196,2017-05-27,District Of Columbia,District of Columbia,20001,38.89,-77.03,1,7,,
1197,2017-05-27,Lincoln,Mississippi,39629,31.43,-90.45,8,1,28,085
1198,2017-05-26,Miami-Dade,Florida,33054,25.93,-80.26,0,4,12,086
1199,2017-05-21,Polk,Iowa,50310,41.57,-93.61,1,3,19,153
1200,2017-05-21,Maricopa,Arizona,85213,33.44,-111.76,0,4,04,013
1201,2017-05-20,Philadelphia,Pennsylvania,19125,39.95,-75.16,0,10,42,101
1202,2017-05-16,Colleton,South Carolina,29475,33.0,-80.81,3,1,45,029
1203,2017-05-14,Craighead,Arkansas,72401,35.82,-90.68,1,6,05,031
1204,2017-05-14,Cook,Illinois,60419,41.62,-87.59,0,5,17,031
1205,2017-05-14,Highlands,Florida,33825,27.59,-81.5,0,5,12,055
1206,2017-05-14,Tarrant,Texas,76116,32.75,-97.33,0,4,48,439
1207,2017-05-10,Mercer,New Jersey,08611,40.22,-74.76,1,3,34,021
1208,2017-05-09,Wyandotte,Kansas,66103,39.1,-94.62,3,1,20,209
1209,2017-05-07,Cook,Illinois,60632,41.83,-87.68,2,8,17,031
1210,2017-05-04,Genesee,Michigan,48503,43.02,-83.69,1,3,26,049
1211,2017-05-02,Duval,Florida,32209,30.33,-81.65,1,3,12,031
1212,2017-05-01,Dallas,Texas,75223,32.79,-96.76,2,3,48,113
1213,2017-04-30,San Diego,California,92122,32.85,-117.2,2,6,06,073
1214,2017-04-30,Shawnee,Kansas,66614,39.03,-95.69,4,1,20,177
1215,2017-04-30,None,Florida,NaN,30.3321838,-81.65565099999999,0,5,,
1216,2017-04-30,Horry,South Carolina,29569,34.05,-78.89,1,5,45,051
1217,2017-04-29,Los Angeles,California,90033,34.04,-118.21,1,3,06,037
1218,2017-04-29,Sacramento,California,95820,38.53,-121.44,0,5,06,067
1219,2017-04-29,Los Angeles,California,90605,33.94,-118.03,1,5,06,037
1220,2017-04-29,Montgomery,Maryland,20874,39.17,-77.26,1,3,24,031
1221,2017-04-29,Los Angeles,California,90222,33.91,-118.23,0,4,06,037
1222,2017-04-29,Virginia Beach City,Virginia,23451,36.73,-76.04,0,4,51,810
1223,2017-04-28,Delaware,Pennsylvania,19013,39.84,-75.37,0,4,42,045
1224,2017-04-27,Essex,New Jersey,07106,40.72,-74.17,1,3,34,013
1225,2017-04-26,Miami-Dade,Florida,33032,25.46,-80.45,0,4,12,086
1226,2017-04-21,Brevard,Florida,32905,27.98,-80.66,2,2,12,009
1227,2017-04-20,Jefferson,Kentucky,40203,38.22,-85.74,0,4,21,111
1228,2017-04-16,Solano,California,94590,38.09,-122.25,0,4,06,095
1229,2017-04-16,Pasquotank,North Carolina,27909,36.29,-76.22,0,4,37,139
1230,2017-04-16,Franklin,Ohio,43211,39.98,-82.98,0,9,39,049
1231,2017-04-15,Whiteside,Illinois,61071,41.77,-89.69,0,4,17,195
1232,2017-04-15,Philadelphia,Pennsylvania,19120,39.95,-75.16,0,4,42,101
1233,2017-04-15,Marion,Indiana,46225,39.77,-86.14,0,4,18,097
1234,2017-04-15,Jefferson,Alabama,35215,33.52,-86.79,0,6,01,073
1235,2017-04-15,Cook,Illinois,60426,41.6,-87.65,0,4,17,031
1236,2017-04-15,Riverside,California,92220,33.92,-116.83,0,4,06,065
1237,2017-04-13,Fulton,Georgia,30314,33.75,-84.42,1,3,13,121
1238,2017-04-09,Bexar,Texas,78224,29.45,-98.5,1,3,48,029
1239,2017-04-09,Allen,Indiana,46818,41.07,-85.13,1,3,18,003
1240,2017-04-07,Catawba,North Carolina,28601,35.73,-81.32,3,1,37,035
1241,2017-04-07,Harris,Texas,77021,29.76,-95.38,5,0,48,201
1242,2017-04-07,Ramsey,Minnesota,55109,44.94,-93.1,4,1,27,123
1243,2017-04-07,Cook,Illinois,60644,41.83,-87.68,1,5,17,031
1244,2017-04-06,Calcasieu Parish,Louisiana,70601,30.21,-93.2,1,3,22,019
1245,2017-04-03,Philadelphia,Pennsylvania,19122,39.95,-75.16,3,1,42,101
1246,2017-04-03,Lubbock,Texas,79412,33.57,-101.87,0,7,48,303
1247,2017-04-02,Cook,Illinois,60624,41.83,-87.68,2,4,17,031
1248,2017-04-02,Polk,Iowa,50310,41.57,-93.61,0,5,19,153
1249,2017-04-01,Contra Costa,California,94565,38.0,-121.83,0,5,06,013
1250,2017-04-01,Hillsborough,Florida,33606,27.95,-82.48,1,4,12,057
1251,2017-04-01,Oklahoma,Oklahoma,73107,35.46,-97.51,2,3,40,109
1252,2017-03-30,Cook,Illinois,60649,41.83,-87.68,4,0,17,031
1253,2017-03-27,Seminole,Florida,32771,28.78,-81.27,2,4,12,117
1254,2017-03-26,None,Ohio,NaN,41.49932,-81.6943605,2,2,,
1255,2017-03-26,Harris,Texas,77032,29.76,-95.38,2,4,48,201
1256,2017-03-26,Hamilton,Ohio,45226,39.09,-84.51,2,15,39,061
1257,2017-03-25,Knox,Tennessee,37921,35.97,-83.94,1,4,47,093
1258,2017-03-25,Wayne,Michigan,48204,42.38,-83.1,1,3,26,163
1259,2017-03-25,Cuyahoga,Ohio,44104,41.47,-81.67,2,2,39,035
1260,2017-03-24,Fresno,California,93727,36.75,-119.67,1,4,06,019
1261,2017-03-24,St. Louis City,Missouri,63115,38.63,-90.24,1,6,29,189
1262,2017-03-22,Marathon,Wisconsin,54474,44.88,-89.62,5,0,55,073
1263,2017-03-19,Jefferson,Kentucky,40203,38.22,-85.74,1,5,21,111
1264,2017-03-18,Wayne,Michigan,48227,42.38,-83.1,3,2,26,163
1265,2017-03-15,Jefferson Parish,Louisiana,70001,29.99,-90.17,3,1,22,051
1266,2017-03-10,Cook,Illinois,60615,41.83,-87.68,2,2,17,031
1267,2017-03-10,Orleans Parish,Louisiana,70122,30.06,-89.93,3,1,22,071
1268,2017-03-07,Cook,Illinois,60620,41.83,-87.68,0,4,17,031
1269,2017-03-05,Muscogee,Georgia,31904,32.51,-84.87,0,4,13,215
1270,2017-03-04,Shawnee,Kansas,66605,39.03,-95.69,1,4,20,177
1271,2017-03-04,Sacramento,California,95817,38.55,-121.45,0,4,06,067
1272,2017-03-03,Philadelphia,Pennsylvania,19119,39.95,-75.16,0,4,42,101
1273,2017-03-03,Riverside,California,92503,33.89,-117.44,0,5,06,065
1274,2017-02-28,Hamilton,Ohio,45223,39.09,-84.51,0,6,39,061
1275,2017-02-27,Newport News City,Virginia,23606,37.07,-76.51,0,4,51,700
1276,2017-02-26,Lake,Indiana,46404,41.59,-87.34,1,4,18,089
1277,2017-02-25,Trumbull,Ohio,44484,41.23,-80.81,2,3,39,155
1278,2017-02-25,Duval,Florida,32209,30.33,-81.65,1,4,12,031
1279,2017-02-22,Monroe,New York,14611,43.16,-77.61,0,4,36,055
1280,2017-02-21,Cuyahoga,Ohio,44111,41.47,-81.67,0,4,39,035
1281,2017-02-21,Lauderdale,Mississippi,39364,32.43,-88.46,4,0,28,075
1282,2017-02-20,Cuyahoga,Ohio,44108,41.47,-81.67,0,5,39,035
1283,2017-02-19,Norfolk City,Virginia,23504,36.84,-76.28,1,3,51,710
1284,2017-02-18,Philadelphia,Pennsylvania,19139,39.95,-75.16,0,4,42,101
1285,2017-02-18,St. Joseph,Indiana,46616,41.67,-86.26,1,3,18,141
1286,2017-02-15,Monterey,California,93901,36.64,-121.62,0,4,06,053
1287,2017-02-15,Cook,Illinois,60632,41.83,-87.68,3,2,17,031
1288,2017-02-12,Pemiscot,Missouri,63830,36.17,-89.66,1,6,29,155
1289,2017-02-12,Orange,New York,12550,41.5,-74.02,1,3,36,071
1290,2017-02-12,Madison,Florida,32331,30.46,-83.63,0,5,12,079
1291,2017-02-11,Cook,Illinois,60644,41.83,-87.68,1,3,17,031
1292,2017-02-11,Hardin,Tennessee,38372,35.22,-88.23,0,4,47,071
1293,2017-02-10,Orleans Parish,Louisiana,70113,30.06,-89.93,1,5,22,071
1294,2017-02-09,Hinds,Mississippi,39209,32.32,-90.2,4,0,28,049
1295,2017-02-08,Cuyahoga,Ohio,44112,41.47,-81.67,1,4,39,035
1296,2017-02-07,Richland,South Carolina,29203,34.0,-81.03,0,4,45,079
1297,2017-02-07,Pulaski,Arkansas,72210,34.72,-92.35,1,4,05,119
1298,2017-02-06,Yazoo,Mississippi,39194,32.86,-90.4,4,0,28,163
1299,2017-01-31,Shelby,Tennessee,38117,35.1,-90.0,0,4,47,157
1300,2017-01-31,District Of Columbia,District of Columbia,20032,38.89,-77.03,0,4,,
1301,2017-01-30,Hennepin,Minnesota,55429,44.96,-93.26,0,4,27,053
1302,2017-01-29,Caddo Parish,Louisiana,71108,32.47,-93.79,1,4,22,017
1303,2017-01-27,None,Washington,NaN,47.5650067,-122.6269768,4,0,,
1304,2017-01-27,Haywood,Tennessee,38012,35.59,-89.25,0,10,47,075
1305,2017-01-26,Dougherty,Georgia,31707,31.57,-84.17,2,3,13,095
1306,2017-01-25,Cook,Illinois,60619,41.83,-87.68,0,6,17,031
1307,2017-01-22,None,Texas,NaN,29.4627365,-95.35799399999999,3,2,,
1308,2017-01-22,Cook,Illinois,60636,41.83,-87.68,0,4,17,031
1309,2017-01-22,Fulton,Georgia,30331,33.71,-84.53,3,1,13,121
1310,2017-01-21,Clayton,Georgia,30236,33.52,-84.35,0,6,13,063
1311,2017-01-21,Palm Beach,Florida,33435,26.52,-80.08,0,5,12,099
1312,2017-01-21,Shelby,Tennessee,38109,35.1,-90.0,2,2,47,157
1313,2017-01-20,None,Mississippi,NaN,45.8080597,9.0851765,1,4,,
1314,2017-01-20,Fresno,California,93702,36.74,-119.75,0,4,06,019
1315,2017-01-16,Harris,Texas,77033,29.76,-95.38,0,4,48,201
1316,2017-01-16,Miami-Dade,Florida,33142,25.77,-80.2,0,8,12,086
1317,2017-01-15,None,Colorado,NaN,36.7412867,-103.9941775,3,1,,
1318,2017-01-15,Pike,Mississippi,39652,31.15,-90.46,1,4,28,113
1319,2017-01-12,Jackson,Missouri,64129,39.09,-94.58,3,2,29,095
1320,2017-01-12,Monterey,California,93905,36.67,-121.61,2,2,06,053
1321,2017-01-11,Essex,New Jersey,07105,40.72,-74.17,1,3,34,013
1322,2017-01-11,Cook,Illinois,60632,41.83,-87.68,1,3,17,031
1323,2017-01-07,Genesee,Michigan,48506,43.02,-83.69,1,3,26,049
1324,2017-01-06,Los Angeles,California,91103,34.17,-118.17,2,2,06,037
1325,2017-01-06,Broward,Florida,33315,26.14,-80.13,5,6,12,011
1326,2017-01-04,San Bernardino,California,92337,34.05,-117.46,3,1,06,071
1327,2017-01-03,Collin,Texas,75002,33.1,-96.66,0,4,48,085
1328,2017-01-01,Bolivar,Mississippi,38781,33.91,-90.75,0,5,28,011
1329,2017-01-01,Dallas,Texas,75243,32.79,-96.76,1,3,48,113
1330,2017-01-01,Miami-Dade,Florida,33147,25.77,-80.2,0,7,12,086
