,State,County_x,Incidents,# Killed,# Injured,County FIPS,State FIPS,Land Area,Density 2014,Density 2015,Density 2016,Density 2017,Total Victims,County_y,Population 2014,Poverty Count 2014,Poverty Rate 2014,Population 2015,Poverty Count 2015,Poverty Rate 2015,Population 2016,Poverty Count 2016,Poverty Rate 2016,Population 2017,Poverty Count 2017,Poverty Rate 2017
0,Alabama,Autauga,1,3,1,001,01,239.23,119.06115453747441,117.42674413744096,117.10487815073361,118.02449525561175,4,Autauga,"54,903","7,204",13.1,"54,860","6,966",12.7,"54,939","7,444",13.5,"55,021","7,390",13.4
1,Alabama,Blount,1,1,4,009,01,129.41,61.347654740746464,62.17448419751179,64.1836025036705,64.90224866702728,5,Blount,"57,155","10,000",17.5,"57,116","8,399",14.7,"57,155","8,033",14.1,"57,452","7,343",12.8
2,Alabama,Calhoun,1,0,4,015,01,37.29,490.0777688388308,497.2914990614106,483.668543845535,505.47063555913115,4,Calhoun,"113,010","23,114",20.5,"112,727","22,579",20.0,"111,768","19,057",17.1,"111,883","19,832",17.7
3,Alabama,Chambers,1,2,7,017,01,87.92,138.1596906278435,136.4877161055505,135.0090991810737,132.74567788899,9,Chambers,"33,604","7,170",21.3,"33,653","7,532",22.4,"33,378","6,656",19.9,"33,242","6,036",18.2
4,Alabama,Cherokee,1,3,1,019,01,62.39,70.84468664850137,75.47683923705722,74.96393652828979,74.35486456162846,4,Cherokee,"25,695","4,768",18.6,"25,519","4,961",19.4,"25,389","4,273",16.8,"25,518","4,381",17.2
5,Alabama,Coffee,1,0,4,031,01,120.19,296.4888925867377,302.6874115983027,305.1335385639404,301.35618603877197,4,Coffee,"50,187","8,407",16.8,"50,491","8,196",16.2,"50,513","7,271",14.4,"51,206","7,954",15.5
6,Alabama,Covington,1,1,4,039,01,165.55,61.78193899124131,61.298701298701296,59.383871942011474,58.27242524916943,5,Covington,"37,310","7,778",20.8,"37,233","8,319",22.3,"36,863","7,228",19.6,"36,490","6,447",17.7
7,Alabama,Dale,1,0,4,045,01,180.84,109.35080734350807,109.16832559168326,106.61358106613581,106.4034505640345,4,Dale,"48,443","10,865",22.4,"48,529","8,980",18.5,"48,198","9,936",20.6,"48,173","8,528",17.7
8,Alabama,Elmore,1,2,2,051,01,130.8,149.93119266055044,150.9097859327217,155.17584097859327,150.09938837920487,4,Elmore,"75,463","10,867",14.4,"75,978","10,609",14.0,"76,343","10,316",13.5,"76,290","9,151",12.0
9,Alabama,Greene,1,0,5,063,01,312.93,15.735148435752404,14.194867861822132,14.258779918831687,13.584507717380884,5,Greene,"8,499","2,819",33.2,"8,426","3,175",37.7,"8,370","2,845",34.0,"8,277","2,752",33.2
10,Alabama,Jefferson,6,4,26,073,01,28.67,1636.2399720962678,1676.3864666899196,1725.6714335542379,1688.803627485176,30,Jefferson,"645,857","125,778",19.5,"645,500","115,897",18.0,"644,431","98,463",15.3,"643,726","107,752",16.7
11,Alabama,Madison,1,0,5,089,01,9.15,2453.4426229508194,2461.530054644809,2345.7923497267757,2332.7868852459014,5,Madison,"342,440","48,750",14.2,"345,115","45,877",13.3,"348,724","47,081",13.5,"352,724","44,979",12.8
12,Alabama,Mobile,3,5,9,097,01,220.07,28.945335575044304,30.4902985413732,32.421502249284316,32.4487663016313,14,Mobile,"408,065","80,016",19.6,"408,139","75,204",18.4,"407,644","79,364",19.5,"406,795","80,116",19.7
13,Alabama,Montgomery,2,1,8,101,01,12.54,660.8452950558215,669.2982456140352,642.4242424242425,641.1483253588517,9,Montgomery,"216,905","48,844",22.5,"217,034","49,457",22.8,"217,282","40,760",18.8,"217,404","46,315",21.3
14,Alabama,Pike,1,1,4,109,01,217.33,75.25882298808264,73.3170754152671,74.32936087976809,74.03947913311553,5,Pike,"31,236","8,237",26.4,"31,181","8,066",25.9,"31,008","7,793",25.1,"31,085","8,611",27.7
15,Alabama,Russell,1,0,12,113,01,74.78,272.97405723455466,281.57261299812785,283.9663011500401,283.4447713292324,12,Russell,"58,905","12,309",20.9,"58,958","13,575",23.0,"57,491","11,108",19.3,"56,358","13,078",23.2
16,Alabama,Tallapoosa,1,0,5,123,01,181.45,44.023146872416646,43.65389914577019,43.42243042160375,44.9820887296776,5,Tallapoosa,"40,541","8,633",21.3,"40,224","8,717",21.7,"40,112","8,111",20.2,"40,059","7,311",18.3
17,Arizona,Coconino,1,1,3,005,04,884.06,47.96167680926634,47.69812003710156,49.21724769812004,50.69678528606656,4,Coconino,"127,770","27,154",21.3,"128,769","25,133",19.5,"130,213","23,116",17.8,"130,051","23,946",18.4
18,Arizona,Maricopa,13,23,44,013,04,9.46,3554.0169133192385,3571.7758985200844,3725.2642706131073,3715.4334038054967,67,Maricopa,"4,023,019","687,643",17.1,"4,103,850","667,637",16.3,"4,175,417","624,923",15.0,"4,239,908","570,402",13.5
19,Arizona,Pima,1,5,0,019,04,25.7,721.5953307392996,732.2568093385214,739.9221789883269,749.5719844357977,5,Pima,"979,212","183,590",18.7,"985,659","184,628",18.7,"991,827","180,513",18.2,"998,103","165,811",16.6
20,Arizona,Pinal,1,4,0,021,04,50.02,1070.7317073170732,1055.9176329468212,1098.3806477409037,1125.5097960815674,4,Pinal,"374,630","66,073",17.6,"380,330","60,151",15.8,"393,485","60,679",15.4,"403,619","52,566",13.0
21,Arkansas,Craighead,2,5,10,031,05,117.22,473.7758061764204,482.9721890462379,485.3779218563385,488.14195529773076,15,Craighead,"98,729","21,974",22.3,"100,290","17,306",17.3,"101,881","16,548",16.2,"103,307","15,354",14.9
22,Arkansas,Crittenden,1,0,4,035,05,18.89,1357.9671784012705,1339.5976707252514,1336.4743250397034,1311.4346214928532,4,Crittenden,"48,874","13,323",27.3,"48,182","12,473",25.9,"48,245","12,314",25.5,"47,789","10,070",21.1
23,Arkansas,Garland,1,1,4,051,05,126.69,339.7821453942695,348.2753177046334,351.35369800299947,360.17838819164893,5,Garland,"95,641","17,929",18.7,"95,344","18,354",19.3,"95,706","17,037",17.8,"96,935","15,384",15.9
24,Arkansas,Mississippi,1,1,11,093,05,251.88,94.95394632364618,94.99364776877879,92.67905351754804,90.05478799428299,12,Mississippi,"43,294","11,744",27.1,"42,702","11,235",26.3,"41,835","10,307",24.6,"41,187","10,018",24.3
25,Arkansas,Pulaski,4,3,36,119,05,50.56,286.3726265822785,298.31882911392404,297.88370253164555,317.5237341772152,39,Pulaski,"384,653","61,892",16.1,"383,767","74,375",19.4,"384,374","66,302",17.2,"385,180","57,780",15.0
26,California,Alameda,11,2,54,001,06,3.3,9028.48484848485,9039.09090909091,8978.181818181818,9120.606060606062,56,Alameda,"1,581,548","197,984",12.5,"1,609,162","184,716",11.5,"1,619,071","173,386",10.7,"1,634,436","152,087",9.3
27,California,Contra Costa,4,3,17,013,06,30.2,2893.8741721854303,2970.5960264900664,3023.9403973509934,3097.6490066225165,20,Contra Costa,"1,102,107","115,466",10.5,"1,117,234","114,123",10.2,"1,125,937","97,573",8.7,"1,138,266","103,883",9.1
28,California,Fresno,11,3,47,019,06,5.26,9096.958174904943,8937.832699619772,8749.239543726237,8488.593155893537,50,Fresno,"949,225","261,387",27.5,"957,496","241,669",25.2,"963,077","245,131",25.5,"972,367","205,046",21.1
29,California,Kern,4,5,23,029,06,10.64,5698.402255639097,5674.812030075188,5591.353383458646,5723.026315789473,28,Kern,"843,008","206,604",24.5,"849,853","185,990",21.9,"852,701","190,993",22.4,"861,002","182,948",21.2
30,California,Lake,1,2,3,033,06,102.84,29.56048230260599,31.699727732399843,35.44340723453909,37.12563204978608,5,Lake,"63,207","15,387",24.3,"63,577","13,006",20.5,"63,164","13,065",20.7,"63,300","12,817",20.2
31,California,Los Angeles,49,44,186,037,06,5.37,5155.307262569832,5180.446927374302,5237.243947858473,5295.158286778398,230,Los Angeles,"9,958,684","1,863,025",18.7,"10,011,595","1,675,802",16.7,"9,981,948","1,629,450",16.3,"10,007,071","1,490,853",14.9
32,California,Monterey,3,4,8,053,06,9.31,6539.957035445756,6588.936627282492,6605.15574650913,6579.054779806659,12,Monterey,"413,696","70,259",17.0,"416,376","63,732",15.3,"417,017","53,898",12.9,"419,435","49,860",11.9
33,California,Orange,3,3,9,059,06,8.23,6241.798298906439,6297.205346294046,6359.052247873633,6363.547995139732,12,Orange,"3,105,107","400,252",12.9,"3,128,383","398,428",12.7,"3,132,411","348,173",11.1,"3,148,278","362,109",11.5
34,California,Riverside,9,5,36,065,06,29.87,3112.119183126883,3161.399397388684,3147.941078004687,3164.4794107800467,41,Riverside,"2,294,876","392,706",17.1,"2,326,886","377,244",16.2,"2,353,236","359,774",15.3,"2,388,862","309,235",12.9
35,California,Sacramento,16,10,66,067,06,2.29,6319.650655021834,6034.061135371179,6077.729257641921,5797.816593886463,76,Sacramento,"1,462,067","264,955",18.1,"1,481,425","250,325",16.9,"1,495,158","243,760",16.3,"1,511,229","213,232",14.1
36,California,San Bernardino,7,24,40,071,06,13.93,2716.726489590811,2767.1931083991385,2805.025125628141,2795.262024407753,64,San Bernardino,"2,071,080","422,405",20.4,"2,087,881","394,031",18.9,"2,101,567","369,012",17.6,"2,118,139","339,748",16.0
37,California,San Diego,5,6,19,073,06,15.93,2799.8744507219085,2894.161958568738,2970.119271814187,2971.186440677966,25,San Diego,"3,168,867","467,248",14.7,"3,203,252","445,948",13.9,"3,222,062","400,028",12.4,"3,243,699","385,479",11.9
38,California,San Francisco,9,9,34,075,06,1.79,15526.256983240222,16000.558659217877,16415.64245810056,16715.083798882682,43,San Francisco,"837,036","101,313",12.1,"849,842","105,244",12.4,"855,884","87,690",10.2,"868,690","87,314",10.1
39,California,San Joaquin,6,10,18,077,06,1.08,5008.333333333333,5617.592592592592,6073.148148148148,5828.7037037037035,28,San Joaquin,"702,546","145,167",20.7,"712,334","124,606",17.5,"719,737","105,268",14.6,"731,380","113,375",15.5
40,California,San Mateo,1,1,3,081,06,7.96,5924.497487437186,5973.618090452262,5997.86432160804,6011.306532663317,4,San Mateo,"752,259","56,580",7.5,"758,807","63,663",8.4,"758,708","50,438",6.6,"765,157","48,795",6.4
41,California,Santa Barbara,2,4,13,083,06,5.24,3868.5114503816794,3902.2900763358775,3974.618320610687,3950.0,17,Santa Barbara,"422,135","73,600",17.4,"426,174","66,475",15.6,"427,848","59,468",13.9,"429,288","60,921",14.2
42,California,Santa Clara,1,0,5,085,06,5.39,11300.0,11531.910946196662,11919.666048237477,12039.146567717997,5,Santa Clara,"1,867,602","159,553",8.5,"1,891,080","156,430",8.3,"1,893,000","175,627",9.3,"1,911,659","142,603",7.5
43,California,Solano,3,1,11,095,06,5.94,5868.518518518518,5983.670033670033,6196.464646464646,6235.016835016834,12,Solano,"420,019","51,638",12.3,"425,104","50,972",12.0,"429,034","48,701",11.4,"433,708","43,352",10.0
44,California,Sonoma,1,1,3,097,06,19.03,1556.962690488702,1549.44823962165,1550.9721492380452,1554.9132947976877,4,Sonoma,"491,691","55,742",11.3,"493,876","54,563",11.0,"494,870","46,604",9.4,"495,804","46,165",9.3
45,California,Stanislaus,1,1,7,099,06,8.87,5460.76662908681,5542.61555806088,5551.63472378805,5618.4892897407,8,Stanislaus,"526,452","95,456",18.1,"532,642","103,646",19.5,"535,914","77,913",14.5,"542,014","75,614",14.0
46,California,Tehama,1,6,12,103,06,238.59,67.56779412381071,67.57198541430907,68.41024351397795,69.86881260740182,18,Tehama,"62,275","11,358",18.2,"62,518","14,073",22.5,"62,483","13,060",20.9,"63,125","12,718",20.1
47,California,Tulare,1,0,4,107,06,39.98,1296.8734367183592,1285.0675337668836,1313.806903451726,1320.2851425712856,4,Tulare,"453,125","127,305",28.1,"454,886","123,922",27.2,"455,664","112,387",24.7,"459,688","110,299",24.0
48,Colorado,Denver,6,5,20,031,08,2.49,3370.6827309236946,3355.8232931726907,3410.04016064257,3600.4016064257025,25,Denver,"650,389","103,412",15.9,"669,048","105,275",15.7,"679,246","95,232",14.0,"690,382","86,353",12.5
49,Colorado,Douglas,1,2,6,035,08,10.72,3886.847014925373,3995.7089552238804,4125.0,4125.0932835820895,8,Douglas,"313,626","11,740",3.7,"321,358","10,917",3.4,"327,549","11,114",3.4,"334,062","10,574",3.2
50,Colorado,El Paso,1,3,9,041,08,9.89,2756.8250758341755,2809.706774519717,2805.3589484327604,2850.353892821031,12,El Paso,"644,370","78,363",12.2,"655,995","72,201",11.0,"669,218","76,997",11.5,"679,038","73,008",10.8
51,Colorado,Jefferson,2,2,6,059,08,6.15,2915.772357723577,2998.211382113821,3001.7886178861786,2961.1382113821137,8,Jefferson,"549,886","45,482",8.3,"557,171","44,068",7.9,"562,973","39,397",7.0,"565,543","42,729",7.6
52,Connecticut,Fairfield,4,1,31,001,09,3.06,7223.2026143790845,7317.64705882353,7490.522875816993,7490.196078431372,32,Fairfield,"926,912","83,132",9.0,"929,031","83,612",9.0,"926,052","79,966",8.6,"931,762","82,428",8.8
53,Connecticut,Hartford,3,2,11,003,09,2.73,8517.216117216118,8520.14652014652,8384.981684981685,8006.593406593407,13,Hartford,"872,665","106,078",12.2,"871,493","96,763",11.1,"868,075","95,010",10.9,"871,720","96,200",11.0
54,Connecticut,New Haven,3,2,12,009,09,11.2,2414.196428571429,2445.8928571428573,2453.125,2459.464285714286,14,New Haven,"833,558","108,729",13.0,"831,687","112,801",13.6,"829,603","94,687",11.4,"833,593","91,639",11.0
55,Delaware,Kent,1,0,6,001,10,88.04,118.71876419809176,119.28668786915038,118.44616083598363,117.00363471149477,6,Kent,"167,063","23,484",14.1,"168,623","23,947",14.2,"169,836","23,060",13.6,"171,484","22,671",13.2
56,Delaware,New Castle,3,1,12,003,10,4.14,3839.371980676329,3773.4299516908213,3725.12077294686,3879.9516908212563,13,New Castle,"535,185","65,642",12.3,"539,499","65,503",12.1,"540,324","61,319",11.3,"542,068","72,551",13.4
57,Florida,Alachua,1,0,4,001,12,1.37,6037.956204379561,5545.985401459853,5725.547445255474,5411.678832116788,4,Alachua,"244,270","52,756",21.6,"247,818","52,258",21.1,"250,852","55,990",22.3,"253,418","53,816",21.2
58,Florida,Brevard,1,2,2,009,12,9.5,2412.0,2436.4210526315787,2475.7894736842104,2510.315789473684,4,Brevard,"549,379","79,657",14.5,"560,459","75,268",13.4,"571,868","84,028",14.7,"581,834","72,303",12.4
59,Florida,Broward,5,8,21,011,12,5.23,2457.1701720841297,2482.2179732313575,2574.569789674952,2697.896749521988,29,Broward,"1,853,739","268,418",14.5,"1,881,018","263,607",14.0,"1,893,909","256,027",13.5,"1,921,125","252,288",13.1
60,Florida,Duval,12,17,39,031,12,9.33,3592.604501607717,3453.5905680600213,3664.737406216506,3809.3247588424438,56,Duval,"877,417","159,748",18.2,"892,610","142,660",16.0,"905,805","131,327",14.5,"917,347","138,069",15.1
61,Florida,Hendry,1,1,4,051,12,657.8,30.550319245971423,30.033444816053514,30.477348738218307,30.410459106111283,5,Hendry,"37,916","9,581",25.3,"38,536","9,945",25.8,"38,723","9,712",25.1,"39,777","9,525",23.9
62,Florida,Hernando,1,3,1,053,12,121.74,174.13339904714968,175.86660095285035,174.0266140956136,180.26942664695252,4,Hernando,"173,753","26,629",15.3,"176,355","25,217",14.3,"180,800","27,794",15.4,"184,489","25,773",14.0
63,Florida,Highlands,1,0,5,055,12,126.11,204.96392038696376,202.10926968519547,207.65204979779557,201.609705812386,5,Highlands,"96,723","18,898",19.5,"97,987","22,419",22.9,"99,422","19,035",19.1,"101,379","20,051",19.8
64,Florida,Hillsborough,7,6,28,057,12,3.28,5471.036585365854,5650.609756097561,5648.475609756098,5770.121951219512,34,Hillsborough,"1,294,850","217,968",16.8,"1,326,696","209,040",15.8,"1,354,074","203,350",15.0,"1,387,130","214,442",15.5
65,Florida,Leon,1,1,3,073,12,15.67,3049.712827058073,3052.074026802808,2977.664326738992,3050.414805360562,4,Leon,"269,621","62,734",23.3,"272,136","59,366",21.8,"273,836","52,124",19.0,"277,128","50,010",18.0
66,Florida,Madison,1,0,5,079,12,290.78,16.20812985762432,16.335373822133572,14.760299883073115,14.62273884036041,5,Madison,"16,497","4,567",27.7,"16,434","4,437",27.0,"16,297","5,205",31.9,"16,400","4,633",28.3
67,Florida,Marion,1,1,5,083,12,29.31,451.89355168884344,462.36779256226544,430.12623677925626,418.7990446946435,6,Marion,"329,290","58,576",17.8,"333,294","62,271",18.7,"339,448","58,992",17.4,"344,876","55,880",16.2
68,Florida,Miami-Dade,26,17,119,086,12,7.25,6005.103448275862,6087.724137931034,6300.137931034483,6505.931034482759,136,Miami-Dade,"2,622,159","535,148",20.4,"2,653,251","529,850",20.0,"2,672,765","487,700",18.2,"2,712,068","452,649",16.7
69,Florida,Okaloosa,1,0,4,091,12,34.94,1011.2764739553521,1020.1774470520894,992.1579851173441,974.7567258156841,4,Okaloosa,"191,195","23,680",12.4,"193,850","21,966",11.3,"196,139","21,032",10.7,"198,039","21,667",10.9
70,Florida,Orange,15,63,115,095,12,8.09,4006.1804697156986,3890.3584672435104,3941.656365883807,4117.42892459827,178,Orange,"1,224,866","222,654",18.2,"1,259,523","196,882",15.6,"1,286,359","209,800",16.3,"1,321,373","201,528",15.3
71,Florida,Palm Beach,3,2,11,099,12,6.58,5105.16717325228,5196.504559270516,5213.373860182371,5359.270516717325,13,Palm Beach,"1,377,163","204,862",14.9,"1,402,201","189,355",13.5,"1,423,024","178,918",12.6,"1,450,165","170,868",11.8
72,Florida,Pasco,1,3,1,101,12,26.9,807.5836431226767,807.3234200743494,836.5055762081785,861.7100371747213,4,Pasco,"478,396","70,125",14.7,"490,909","71,760",14.6,"505,403","66,980",13.3,"518,599","67,635",13.0
73,Florida,Polk,2,4,4,105,12,19.1,1778.7958115183244,1829.371727748691,1868.8481675392668,1862.3036649214657,8,Polk,"620,825","112,539",18.1,"636,253","109,907",17.3,"651,825","106,703",16.4,"671,851","107,844",16.1
74,Florida,Sarasota,1,2,2,115,12,6.64,3064.60843373494,3090.2108433734943,3223.644578313253,3310.9939759036147,4,Sarasota,"391,113","42,343",10.8,"399,726","38,874",9.7,"406,613","43,904",10.8,"413,101","38,065",9.2
75,Florida,Seminole,1,2,4,117,12,36.18,1347.1531232725263,1379.436152570481,1418.186843559978,1437.313432835821,6,Seminole,"438,898","51,782",11.8,"445,555","51,205",11.5,"451,978","51,750",11.4,"459,203","51,321",11.2
76,Florida,Volusia,4,0,16,127,12,16.92,1891.5484633569738,1884.8108747044914,1854.9054373522456,1896.3947990543734,16,Volusia,"494,288","87,670",17.7,"504,437","82,326",16.3,"515,710","73,420",14.2,"524,637","79,877",15.2
77,Georgia,Baldwin,1,1,3,009,13,236.5,187.3657505285412,185.69133192389006,186.67653276955602,186.93023255813952,4,Baldwin,"40,042","11,809",29.5,"39,808","10,337",26.0,"39,471","10,273",26.0,"39,403","9,944",25.2
78,Georgia,Bibb,1,0,5,021,13,10.64,819.6428571428571,821.1466165413533,824.6240601503758,761.9360902255638,5,Bibb,"147,859","41,742",28.2,"147,557","39,343",26.7,"146,596","38,547",26.3,"146,799","36,728",25.0
79,Georgia,Burke,1,0,4,033,13,359.67,39.98109378040982,39.7086217921984,39.97553312758918,39.21650401757166,4,Burke,"22,376","6,968",31.1,"22,421","5,629",25.1,"22,389","5,986",26.7,"22,189","5,121",23.1
80,Georgia,Butts,1,4,0,035,13,155.72,145.0809144618546,143.32134600565118,143.6103262265605,146.66709478551246,4,Butts,"20,994","4,474",21.3,"20,887","3,959",19.0,"21,107","3,586",17.0,"21,294","3,889",18.3
81,Georgia,Chatham,5,2,20,051,13,4.78,4189.748953974895,4312.133891213389,4237.029288702929,4220.083682008368,22,Chatham,"269,434","48,234",17.9,"273,178","48,579",17.8,"275,383","45,636",16.6,"276,189","45,057",16.3
82,Georgia,Clarke,1,0,7,059,13,23.6,934.8305084745762,957.8389830508474,971.6949152542372,1008.2203389830507,7,Clarke,"110,679","41,889",37.8,"112,266","42,773",38.1,"114,534","31,950",27.9,"116,831","31,067",26.6
83,Georgia,Clayton,1,0,6,063,13,32.2,1412.4844720496894,1450.9316770186333,1460.341614906832,1465.4658385093167,6,Clayton,"262,086","60,123",22.9,"268,433","62,452",23.3,"274,081","57,057",20.8,"279,429","45,572",16.3
84,Georgia,Cobb,2,3,9,067,13,22.57,2342.5343376163046,2392.379264510412,2396.012405848471,2462.2507753655295,12,Cobb,"720,384","93,604",13.0,"732,187","83,213",11.4,"737,367","73,446",10.0,"744,869","71,120",9.5
85,Georgia,Colquitt,1,5,0,071,13,127.36,86.29082914572864,87.92399497487438,86.55778894472361,79.56187185929649,5,Colquitt,"45,249","11,982",26.5,"45,057","10,851",24.1,"44,930","11,252",25.0,"45,018","11,508",25.6
86,Georgia,Columbia,1,6,0,073,13,132.46,42.86577079873169,42.46565000754945,46.37626453268911,43.43197946549902,6,Columbia,"138,307","13,098",9.5,"143,078","13,355",9.3,"146,522","10,512",7.2,"150,527","9,942",6.6
87,Georgia,Cook,1,2,2,075,13,78.64,37.60172939979654,41.14954221770091,40.38657171922686,40.24669379450661,4,Cook,"17,036","4,438",26.1,"16,950","4,090",24.1,"16,990","4,268",25.1,"17,096","3,637",21.3
88,Georgia,Dougherty,1,2,3,095,13,18.76,1361.5138592750532,1391.9509594882727,1371.6950959488272,1351.6524520255862,5,Dougherty,"88,727","28,119",31.7,"87,880","25,847",29.4,"86,631","26,389",30.5,"86,301","24,373",28.2
89,Georgia,Douglas,1,5,2,097,13,83.75,740.8358208955224,747.3074626865672,761.6716417910447,777.3850746268656,7,Douglas,"137,087","19,423",14.2,"139,255","19,638",14.1,"140,561","18,191",12.9,"142,287","16,770",11.8
90,Georgia,Fayette,1,1,4,113,13,52.72,562.0827010622155,562.1585735963581,557.7200303490137,545.7890743550835,5,Fayette,"109,001","7,479",6.9,"110,007","7,665",7.0,"110,946","6,671",6.0,"111,823","6,424",5.7
91,Georgia,Floyd,1,1,3,115,13,141.8,246.99576868829334,247.44005641748942,243.15937940761634,244.2595204513399,4,Floyd,"91,968","19,408",21.1,"92,344","18,060",19.6,"92,543","14,596",15.8,"93,370","17,913",19.2
92,Georgia,Fulton,14,12,53,121,13,37.02,1610.8319827120474,1648.0280929227442,1715.1809832522958,1746.4073473797946,65,Fulton,"965,765","168,027",17.4,"979,383","156,705",16.0,"993,470","159,400",16.0,"1,009,694","149,652",14.8
93,Georgia,Gwinnett,3,9,5,135,13,42.55,1666.0634547591071,1691.1868390129262,1737.1797884841365,1758.0258519388956,14,Gwinnett,"870,439","116,888",13.4,"888,463","112,026",12.6,"899,907","102,033",11.3,"912,553","97,757",10.7
94,Georgia,Habersham,1,3,2,137,13,172.25,71.55878084179972,70.15384615384616,70.30478955007257,71.33817126269956,5,Habersham,"41,283","6,320",15.3,"41,458","6,891",16.6,"41,711","6,500",15.6,"42,002","5,585",13.3
95,Georgia,Houston,1,0,5,153,13,19.63,1541.4161996943456,1559.144167091187,1566.0723382577687,1554.253693326541,5,Houston,"147,101","25,310",17.2,"148,120","22,510",15.2,"150,237","22,347",14.9,"151,580","19,675",13.0
96,Georgia,Johnson,1,0,6,167,13,170.8,42.40046838407494,42.02576112412178,40.79625292740047,39.531615925058546,6,Johnson,"7,948","2,418",30.4,"7,851","2,372",30.2,"7,758","2,277",29.4,"8,047","2,333",29.0
97,Georgia,Meriwether,1,0,10,199,13,144.53,29.18425240434512,27.41991282086764,27.10163979796582,26.458174773403446,10,Meriwether,"20,919","4,931",23.6,"20,916","4,623",22.1,"20,797","4,417",21.2,"20,768","4,139",19.9
98,Georgia,Muscogee,4,1,20,215,13,28.83,1143.32292750607,1159.1744710371142,1166.9441553936872,1192.7506070065904,21,Muscogee,"193,102","42,237",21.9,"192,329","42,678",22.2,"190,568","41,006",21.5,"187,703","42,476",22.6
99,Georgia,Richmond,1,1,3,245,13,20.54,808.6173320350536,777.8481012658228,771.6163583252192,801.4118792599805,4,Richmond,"190,761","49,562",26.0,"191,034","46,401",24.3,"190,859","48,929",25.6,"190,394","45,089",23.7
100,Georgia,Rockdale,1,3,2,247,13,28.36,899.01269393512,914.9153737658675,933.9562764456982,964.5275035260931,5,Rockdale,"86,779","14,983",17.3,"87,862","14,009",15.9,"88,320","12,943",14.7,"89,242","12,585",14.1
101,Georgia,Troup,1,4,0,285,13,139.59,202.57898130238556,203.9042911383337,210.78157461136183,216.49115266136542,4,Troup,"67,083","13,099",19.5,"67,388","13,006",19.3,"67,572","13,731",20.3,"67,421","14,566",21.6
102,Georgia,Ware,1,2,2,299,13,13.18,1153.793626707132,1144.4613050075873,1167.9817905918057,1132.8528072837632,4,Ware,"33,298","9,595",28.8,"33,201","9,420",28.4,"33,340","8,501",25.5,"33,404","7,354",22.0
103,Georgia,Worth,1,0,8,321,13,189.87,62.237320271764894,62.379522831410966,63.53821035445304,64.40722599673461,8,Worth,"20,724","4,692",22.6,"20,465","4,437",21.7,"20,514","4,334",21.1,"20,328","4,383",21.6
104,Illinois,Champaign,1,1,3,019,17,6.54,5518.654434250764,5535.779816513761,5574.159021406728,5763.608562691132,4,Champaign,"191,054","43,210",22.6,"192,759","38,751",20.1,"192,337","36,364",18.9,"193,338","37,106",19.2
105,Illinois,Cook,103,73,418,031,17,7.43,12295.693135935397,12289.367429340511,12337.550471063258,12334.320323014805,491,Cook,"5,156,535","883,001",17.1,"5,151,018","833,241",16.2,"5,117,078","770,091",15.0,"5,125,439","746,194",14.6
106,Illinois,Kane,1,0,5,089,17,16.59,3023.1464737793854,3047.860156720916,3062.6280892103678,3088.8487040385776,5,Kane,"520,608","55,787",10.7,"524,491","56,882",10.8,"525,477","55,134",10.5,"528,489","48,756",9.2
107,Illinois,Kankakee,4,4,14,091,17,66.44,93.96447922937989,93.91932570740518,92.00782661047562,87.50752558699578,18,Kankakee,"106,826","15,667",14.7,"106,351","16,163",15.2,"105,506","14,958",14.2,"105,115","15,750",15.0
108,Illinois,Kendall,1,0,6,093,17,10.09,2662.2398414271556,2735.97621407334,2719.3260654112983,2786.6204162537165,6,Kendall,"120,804","6,477",5.4,"122,890","5,950",4.8,"124,260","5,778",4.6,"125,795","5,993",4.8
109,Illinois,Macon,2,1,8,115,17,66.92,534.5038852361027,533.1141661685594,536.0131500298864,531.4255827854154,9,Macon,"104,540","17,003",16.3,"103,489","18,784",18.2,"102,666","17,760",17.3,"101,930","14,566",14.3
110,Illinois,Madison,2,0,10,119,17,6.24,1559.4551282051282,1566.0256410256409,1553.6858974358975,1588.1410256410256,10,Madison,"262,591","34,436",13.1,"262,369","33,734",12.9,"261,959","34,772",13.3,"261,652","37,768",14.4
111,Illinois,Peoria,1,1,3,143,17,15.79,2013.299556681444,2015.2628245725143,1979.480683977201,1952.6915769474351,4,Peoria,"181,943","30,408",16.7,"181,060","28,269",15.6,"179,863","27,254",15.2,"177,899","27,364",15.4
112,Illinois,St. Clair,4,3,14,163,17,0.26,3103.846153846154,3215.3846153846152,2792.3076923076924,2230.7692307692305,17,St Clair,"260,762","49,691",19.1,"259,206","42,464",16.4,"257,925","39,745",15.4,"257,651","41,174",16.0
113,Illinois,Vermilion,2,0,9,183,17,25.92,1440.2006172839506,1426.1188271604938,1381.6358024691358,1358.8734567901233,9,Vermilion,"76,669","14,555",19.0,"76,197","14,028",18.4,"75,100","15,183",20.2,"74,901","14,553",19.4
114,Illinois,Whiteside,1,0,4,195,17,71.13,202.44622522142558,201.01223112610714,200.0,199.49388443694644,4,Whiteside,"55,672","6,771",12.2,"55,899","7,138",12.8,"55,370","6,586",11.9,"54,957","7,110",12.9
115,Illinois,Winnebago,5,7,16,201,17,10.56,2758.0492424242425,2666.4772727272725,2591.7613636363635,2620.92803030303,23,Winnebago,"283,639","47,864",16.9,"282,321","41,541",14.7,"281,161","43,858",15.6,"280,092","39,766",14.2
116,Indiana,Allen,6,7,24,003,18,66.12,310.0120992135511,308.07622504537204,314.08045977011494,315.15426497277673,31,Allen,"359,294","54,597",15.2,"361,964","52,689",14.6,"363,941","54,642",15.0,"366,247","47,818",13.1
117,Indiana,Elkhart,1,0,4,039,18,17.75,1929.9718309859154,1901.9718309859154,1909.0140845070423,1865.0704225352113,4,Elkhart,"197,568","27,469",13.9,"199,149","27,906",14.0,"199,436","26,390",13.2,"200,584","21,670",10.8
118,Indiana,Howard,1,0,4,067,18,53.37,679.014427581038,673.5806632939854,674.4050964961589,666.4418212478921,4,Howard,"81,511","13,655",16.8,"81,122","13,724",16.9,"81,137","12,011",14.8,"80,897","11,727",14.5
119,Indiana,Johnson,1,3,2,081,18,125.13,249.20482697994086,251.79413410053544,254.6631503236634,256.4373052025893,5,Johnson,"144,465","14,711",10.2,"146,612","11,720",8.0,"148,950","11,300",7.6,"150,793","13,267",8.8
120,Indiana,Lake,5,3,25,089,18,5.72,2960.664335664336,2997.5524475524476,3030.0699300699303,3049.1258741258744,28,Lake,"483,033","85,233",17.6,"480,883","79,740",16.6,"478,864","79,529",16.6,"478,487","76,220",15.9
121,Indiana,Marion,11,14,34,097,18,4.04,1756.6831683168316,1788.6138613861385,1897.029702970297,1802.4752475247524,48,Marion,"914,697","194,803",21.3,"919,791","189,323",20.6,"921,718","173,996",18.9,"930,165","163,573",17.6
122,Indiana,St. Joseph,3,1,11,141,18,1.47,3634.013605442177,3887.7551020408164,3851.0204081632655,3887.074829931973,12,St Joseph,"256,455","44,228",17.2,"257,361","42,922",16.7,"257,925","41,889",16.2,"259,108","41,378",16.0
123,Indiana,Vanderburgh,4,1,16,163,18,3.85,2580.2597402597403,2649.87012987013,2670.909090909091,2702.5974025974024,17,Vanderburgh,"174,903","30,984",17.7,"174,835","30,123",17.2,"174,572","30,462",17.4,"174,404","30,495",17.5
124,Indiana,Wayne,1,0,4,177,18,117.42,394.59206268097427,394.59206268097427,393.4593765968319,390.75966615568046,4,Wayne,"64,890","11,570",17.8,"64,252","11,556",18.0,"63,806","10,859",17.0,"63,399","10,521",16.6
125,Iowa,Polk,3,2,11,153,19,8.05,3789.565217391304,3867.3291925465837,4012.4223602484467,3964.844720496894,13,Polk,"450,285","58,971",13.1,"458,067","54,557",11.9,"464,422","50,628",10.9,"472,651","45,028",9.5
126,Iowa,Scott,1,0,5,163,19,9.56,1067.7824267782426,1091.63179916318,1100.4184100418408,1106.0669456066946,5,Scott,"167,724","20,437",12.2,"168,549","20,823",12.4,"168,851","22,602",13.4,"169,048","19,061",11.3
127,Kansas,Douglas,1,3,2,045,20,62.09,445.9655339023997,444.0328555322918,454.4532130777903,465.6466419713319,5,Douglas,"107,909","20,961",19.4,"109,432","21,273",19.4,"110,784","17,501",15.8,"112,033","17,779",15.9
128,Kansas,Harvey,1,4,14,079,20,28.79,147.55123306703717,149.91316429315734,151.5804098645363,155.54011809656132,18,Harvey,"33,448","4,265",12.8,"33,723","3,156",9.4,"33,553","3,528",10.5,"33,148","3,021",9.1
129,Kansas,Sedgwick,2,2,6,173,20,0.99,1563.6363636363637,1452.5252525252524,1529.2929292929293,1603.030303030303,8,Sedgwick,"501,234","73,532",14.7,"504,346","76,898",15.2,"504,645","75,334",14.9,"505,764","72,015",14.2
130,Kansas,Shawnee,3,6,9,177,20,9.98,1962.8256513026051,2047.194388777555,1992.2845691382765,1879.258517034068,15,Shawnee,"174,080","26,058",15.0,"174,509","24,840",14.2,"173,892","18,931",10.9,"173,746","20,386",11.7
131,Kansas,Wyandotte,3,8,5,209,20,4.84,2788.4297520661157,2806.404958677686,2827.8925619834713,2789.876033057851,13,Wyandotte,"159,978","39,074",24.4,"161,822","35,442",21.9,"162,228","31,432",19.4,"163,480","30,151",18.4
132,Kentucky,Clark,1,1,3,049,21,239.43,147.64649375600385,147.68408303053084,147.7049659608236,147.7717913377605,4,Clark,"35,200","5,615",16.0,"35,212","5,432",15.4,"35,271","5,618",15.9,"35,503","5,009",14.1
133,Kentucky,Fayette,2,2,7,067,21,4.26,6072.300469483568,6224.178403755869,6334.2723004694835,6264.319248826291,9,Fayette,"298,088","59,007",19.8,"301,715","57,637",19.1,"304,684","54,406",17.9,"308,866","50,981",16.5
134,Kentucky,Jefferson,11,7,46,111,21,2.94,6240.476190476191,6450.340136054422,6463.9455782312925,6375.850340136055,53,Jefferson,"744,186","124,850",16.8,"747,787","115,246",15.4,"749,420","111,467",14.9,"754,059","105,999",14.1
135,Kentucky,Pike,1,0,4,195,21,27.38,26.552227903579254,28.889700511322133,28.487947406866326,30.971512052593134,4,Pike,"61,261","16,796",27.4,"60,289","15,082",25.0,"58,803","18,486",31.4,"57,329","16,502",28.8
136,Kentucky,Trigg,1,4,0,221,21,280.69,46.66357903737219,46.318002066336526,46.53532366667854,46.635077843884716,4,Trigg,"14,030","2,218",15.8,"14,125","2,129",15.1,"14,155","2,046",14.5,"14,338","2,011",14.0
137,Louisiana,Caddo Parish,6,3,31,017,22,8.55,2278.0116959064326,2350.877192982456,2278.12865497076,2229.0058479532163,34,Caddo,"246,466","59,514",24.1,"245,428","54,405",22.2,"242,489","63,909",26.4,"240,524","62,114",25.8
138,Louisiana,Calcasieu Parish,1,1,3,019,22,15.49,2072.8211749515817,2116.9141381536474,2094.318915429309,2056.4880568108456,4,Calcasieu,"193,231","35,591",18.4,"194,897","34,103",17.5,"196,417","39,035",19.9,"198,494","28,177",14.2
139,Louisiana,East Baton Rouge Parish,5,8,15,033,22,25.5,759.4117647058823,744.4705882352941,764.0784313725491,731.6078431372549,23,East Baton Rouge,"435,088","80,273",18.4,"435,962","80,662",18.5,"435,663","86,888",19.9,"435,384","82,191",18.9
140,Louisiana,Iberia Parish,1,0,4,045,22,201.72,209.88003172714653,210.44021415823914,205.5026769779893,207.32698790402537,4,Iberia,"72,782","14,132",19.4,"73,004","15,214",20.8,"72,065","16,885",23.4,"71,067","16,887",23.8
141,Louisiana,Jefferson Parish,2,3,5,051,22,6.0,6494.833333333333,6663.333333333333,6753.166666666667,6624.166666666667,8,Jefferson,"431,832","68,333",15.8,"432,563","70,484",16.3,"432,253","69,610",16.1,"435,196","74,274",17.1
142,Louisiana,Lafayette Parish,3,3,17,055,22,20.71,2138.8701110574602,2104.7320135200384,2095.07484307098,2034.379526798648,20,Lafayette,"230,517","34,809",15.1,"235,044","39,876",17.0,"236,014","42,781",18.1,"237,375","41,306",17.4
143,Louisiana,Lafourche Parish,1,1,3,057,22,86.03,162.08299430431245,169.8012321283273,172.9396722073695,172.6258281994653,4,Lafourche,"96,130","16,903",17.6,"96,473","13,612",14.1,"96,319","16,447",17.1,"96,552","15,279",15.8
144,Louisiana,Orleans Parish,27,24,129,071,22,1.02,7853.921568627451,7687.254901960784,8157.843137254902,8113.725490196079,153,Orleans,"372,364","103,855",27.9,"377,793","90,849",24.0,"379,192","91,421",24.1,"381,337","99,613",26.1
145,Louisiana,Ouachita Parish,1,2,3,073,22,12.98,1549.075500770416,1558.4745762711864,1623.959938366718,1643.759630200308,5,Ouachita,"150,779","35,619",23.6,"151,273","34,836",23.0,"151,274","37,014",24.5,"150,367","37,173",24.7
146,Louisiana,St. Landry Parish,1,1,3,097,22,150.8,121.20026525198938,118.57427055702917,120.43766578249335,119.82758620689654,4,St Landry,"82,490","24,857",30.1,"82,668","22,326",27.0,"82,576","21,994",26.6,"82,295","21,032",25.6
147,Louisiana,St. Martin Parish,1,0,4,099,22,143.71,134.99408531069514,134.9314591886438,132.1272006123443,136.1213555076195,4,St Martin,"52,470","9,460",18.0,"53,013","9,693",18.3,"53,106","9,830",18.5,"53,333","10,246",19.2
148,Louisiana,St. Tammany Parish,1,1,4,103,22,115.66,89.70257651737853,91.02541933252637,87.44596230330279,89.40861144734568,5,St Tammany,"243,960","27,292",11.2,"248,314","31,138",12.5,"251,472","24,598",9.8,"254,481","28,338",11.1
149,Louisiana,Terrebonne Parish,1,1,3,109,22,64.33,421.5762474739624,437.4786258355355,440.66531944660346,459.70775687859475,4,Terrebonne,"111,525","23,321",20.9,"112,212","22,587",20.1,"111,298","23,521",21.1,"110,307","21,712",19.7
150,Maine,Somerset,1,4,1,025,23,51.88,92.34772552043177,91.51888974556668,91.48033924441017,91.09483423284502,5,Somerset,"50,259","8,681",17.3,"50,206","9,376",18.7,"50,036","9,749",19.5,"49,824","7,941",15.9
151,Maine,York,1,5,0,031,23,38.46,487.7015080603224,490.7436297451898,494.2277691107644,497.32189287571504,5,York,"197,320","22,134",11.2,"197,719","16,376",8.3,"199,031","16,132",8.1,"200,973","15,776",7.8
152,Maryland,Baltimore City,23,16,92,510,24,4.18,11784.44976076555,11538.277511961724,11466.028708133972,11678.22966507177,108,Baltimore city,"599,935","139,782",23.3,"598,175","135,850",22.7,"591,196","128,752",21.8,"588,693","130,267",22.1
153,Maryland,Harford,1,3,3,025,24,7.97,3140.150564617315,3084.943538268507,3085.3199498117942,3048.431618569636,6,Harford,"247,323","19,664",8.0,"247,433","19,384",7.8,"248,267","17,769",7.2,"249,574","17,620",7.1
154,Maryland,Montgomery,2,4,6,031,24,21.22,2732.2808671065036,2789.915174363808,2841.941564561734,2863.336475023563,10,Montgomery,"1,021,207","73,213",7.2,"1,030,486","77,657",7.5,"1,034,510","71,252",6.9,"1,050,411","73,280",7.0
155,Massachusetts,Berkshire,1,1,4,003,25,52.92,860.8654572940287,856.5381708238851,850.3590325018896,846.0884353741496,5,Berkshire,"122,953","16,037",13.0,"122,055","17,453",14.3,"121,275","13,182",10.9,"120,668","12,744",10.6
156,Massachusetts,Bristol,1,1,3,005,25,33.04,1496.8523002421307,1508.3535108958838,1507.4757869249395,1524.1525423728815,4,Bristol,"538,476","66,553",12.4,"541,304","68,378",12.6,"542,858","58,070",10.7,"546,210","60,780",11.1
157,Massachusetts,Hampden,1,0,4,013,25,0.46,5373.913043478261,5573.913043478261,5282.608695652174,5236.95652173913,4,Hampden,"453,257","80,178",17.7,"455,925","77,818",17.1,"453,604","74,898",16.5,"455,260","77,905",17.1
158,Massachusetts,Middlesex,1,0,5,017,25,3.34,9095.508982035928,8988.622754491018,8989.820359281437,8936.82634730539,5,Middlesex,"1,516,609","134,684",8.9,"1,531,483","116,761",7.6,"1,535,595","117,964",7.7,"1,548,357","124,404",8.0
159,Massachusetts,Plymouth,1,0,5,023,25,12.43,4768.704746580853,4808.930008045052,4880.048270313757,4933.226065969429,5,Plymouth,"495,206","42,124",8.5,"498,603","48,231",9.7,"501,917","39,977",8.0,"503,612","36,645",7.3
160,Massachusetts,Suffolk,7,3,30,025,25,0.26,28865.384615384613,28988.46153846154,29092.30769230769,28661.53846153846,33,Suffolk,"722,372","155,184",21.5,"733,077","144,867",19.8,"738,829","143,799",19.5,"752,328","134,360",17.9
161,Michigan,Berrien,2,3,6,021,26,23.53,977.3905652358691,983.2554186145346,979.5580110497237,989.9277518062048,9,Berrien,"151,847","26,842",17.7,"151,238","25,854",17.1,"150,642","25,215",16.7,"150,830","26,055",17.3
162,Michigan,Calhoun,1,0,4,025,26,98.83,145.45178589497115,142.03177172923202,140.5038955782657,142.50733582920165,4,Calhoun,"131,226","20,194",15.4,"130,655","21,068",16.1,"130,626","21,973",16.8,"130,266","24,904",19.1
163,Michigan,Genesee,4,2,18,049,26,18.94,1547.9936642027453,1539.2291446673705,1540.0211193241814,1535.3220696937697,20,Genesee,"407,075","87,632",21.5,"405,011","83,172",20.5,"403,020","81,761",20.3,"401,448","73,568",18.3
164,Michigan,Jackson,1,0,4,075,26,26.27,1433.0414921964218,1443.5097068899886,1478.568709554625,1443.319375713742,4,Jackson,"149,835","23,035",15.4,"149,798","24,317",16.2,"149,222","20,352",13.6,"149,463","19,950",13.3
165,Michigan,Kalamazoo,1,6,2,077,26,102.82,427.6599883291189,429.9552616222525,434.2832133826104,436.7146469558452,8,Kalamazoo,"250,336","47,221",18.9,"251,781","40,161",16.0,"253,431","42,141",16.6,"254,717","35,561",14.0
166,Michigan,Kent,1,1,8,081,26,12.05,3434.771784232365,3453.360995850622,3414.02489626556,3420.3319502074687,9,Kent,"618,613","94,696",15.3,"625,466","90,457",14.5,"631,308","76,343",12.1,"637,314","66,316",10.4
167,Michigan,Macomb,1,0,4,099,26,7.96,3885.5527638190956,3900.6281407035176,3884.7989949748744,3911.43216080402,4,Macomb,"851,750","104,347",12.3,"856,421","99,879",11.7,"859,419","94,224",11.0,"862,478","96,264",11.2
168,Michigan,Oakland,3,3,9,125,26,6.39,2677.9342723004697,2770.1095461658842,2715.1799687010957,2745.696400625978,12,Oakland,"1,226,166","122,452",10.0,"1,229,975","114,976",9.3,"1,231,554","106,650",8.7,"1,237,507","95,968",7.8
169,Michigan,Saginaw,1,0,5,145,26,24.92,526.0032102728732,530.8988764044943,535.6340288924558,505.65810593900477,5,Saginaw,"188,308","32,739",17.4,"186,590","34,758",18.6,"185,696","33,068",17.8,"185,178","32,447",17.5
170,Michigan,Wayne,26,20,106,163,26,7.53,5795.35192563081,5591.766268260292,5520.717131474104,5626.029216467463,126,Wayne,"1,744,873","419,820",24.1,"1,739,083","430,851",24.8,"1,729,412","395,250",22.9,"1,732,477","392,205",22.6
171,Minnesota,Hennepin,13,8,58,053,27,6.21,4369.887278582931,4424.798711755234,4433.9774557165865,4504.186795491143,66,Hennepin,"1,190,018","154,785",13.0,"1,201,524","130,801",10.9,"1,210,284","132,137",10.9,"1,229,261","129,217",10.5
172,Minnesota,Ramsey,1,4,1,123,27,11.71,2745.772843723313,2789.7523484201533,2860.6319385140905,2905.8070025619127,5,Ramsey,"516,956","85,264",16.5,"522,636","78,920",15.1,"524,991","73,203",13.9,"532,318","74,390",14.0
173,Minnesota,Rice,1,0,4,131,27,34.89,50.64488392089424,52.565204929779306,53.53969618801949,53.1670965892806,4,Rice,"57,949","7,510",13.0,"58,238","5,353",9.2,"58,426","5,673",9.7,"58,756","6,499",11.1
174,Mississippi,Attala,1,0,4,007,28,265.4,51.51846269781463,51.94046721929164,51.51846269781463,49.35568952524492,4,Attala,"18,827","4,449",23.6,"18,714","4,290",22.9,"18,598","4,428",23.8,"18,150","4,378",24.1
175,Mississippi,Bolivar,1,0,5,011,28,0.99,249.4949494949495,262.62626262626264,280.80808080808083,292.92929292929296,5,Bolivar,"32,045","10,882",34.0,"31,524","11,380",36.1,"30,936","10,927",35.3,"30,164","9,765",32.4
176,Mississippi,Chickasaw,1,0,5,017,28,123.03,23.47394944322523,23.2626188734455,24.148581646752824,24.31114362350646,5,Chickasaw,"16,782","4,151",24.7,"16,793","4,467",26.6,"16,703","3,715",22.2,"16,611","3,031",18.2
177,Mississippi,Harrison,1,2,4,047,28,85.05,161.86948853615522,163.13932980599648,160.77601410934744,157.64844209288654,6,Harrison,"193,260","36,288",18.8,"195,833","43,019",22.0,"197,724","40,472",20.5,"199,610","39,266",19.7
178,Mississippi,Hinds,3,6,9,049,28,60.84,446.87705456936226,468.9349112426035,470.4470742932281,456.0486522024983,15,Hinds,"235,500","55,541",23.6,"234,048","63,361",27.1,"232,294","48,244",20.8,"230,712","46,575",20.2
179,Mississippi,Jackson,1,0,5,059,28,20.37,674.2268041237113,674.2268041237113,670.7903780068729,663.4756995581738,5,Jackson,"139,565","21,723",15.6,"139,960","22,511",16.1,"139,729","24,525",17.6,"140,602","20,359",14.5
180,Mississippi,Lauderdale,2,4,4,075,28,74.02,48.52742502026479,51.97243988111322,42.85328289651446,38.881383409889224,8,Lauderdale,"75,794","16,466",21.7,"74,906","16,497",22.0,"74,027","17,531",23.7,"72,649","14,922",20.5
181,Mississippi,Lincoln,3,11,10,085,28,155.62,42.687315255108594,40.316154735895125,41.53707749646575,45.27053078010538,21,Lincoln,"34,144","7,392",21.6,"34,030","6,798",20.0,"33,892","6,763",20.0,"33,734","6,136",18.2
182,Mississippi,Montgomery,1,3,1,097,28,151.15,13.867019517036056,12.8415481309957,11.101554746940126,10.704598081376115,4,Montgomery,"10,287","2,536",24.7,"10,041","2,593",25.8,"10,073","2,433",24.2,"10,062","2,335",23.2
183,Mississippi,Panola,1,2,2,107,28,264.37,60.82762794568219,57.748609902787756,57.89991300071869,57.150962665960584,4,Panola,"34,187","8,863",25.9,"33,918","8,417",24.8,"33,903","7,699",22.7,"33,750","7,668",22.7
184,Mississippi,Pike,1,1,4,113,28,176.77,43.14646150364881,42.43932794026136,43.72913955988007,45.431917180517054,5,Pike,"39,122","11,942",30.5,"39,070","11,751",30.1,"38,764","11,649",30.1,"38,590","10,796",28.0
185,Mississippi,Scott,1,1,3,123,28,271.95,55.33737819452105,53.89593675307961,55.79702151130723,56.6390880676595,4,Scott,"28,149","7,580",26.9,"27,961","6,079",21.7,"27,891","6,303",22.6,"28,116","6,154",21.9
186,Mississippi,Tishomingo,1,2,3,141,28,200.11,43.70096446954175,44.06076657838189,45.03523062315726,46.684323622007895,5,Tishomingo,"19,071","3,385",17.7,"19,208","3,281",17.1,"19,141","3,362",17.6,"19,201","3,437",17.9
187,Mississippi,Warren,2,1,8,149,28,254.54,57.29158481967471,56.462638485110396,56.52156831932113,56.1247741023022,9,Warren,"47,378","10,290",21.7,"46,891","10,148",21.6,"46,531","11,200",24.1,"46,181","9,873",21.4
188,Mississippi,Wayne,1,1,4,153,28,470.95,31.090349293980253,30.799447924408113,31.345153413313515,32.13716955090774,5,Wayne,"20,340","5,032",24.7,"20,419","4,999",24.5,"20,326","5,145",25.3,"20,301","4,661",23.0
189,Mississippi,Yazoo,1,4,0,163,28,452.34,45.60949728080647,45.58296856346996,45.841623557500995,46.61316708670469,4,Yazoo,"23,416","8,112",34.6,"23,258","7,943",34.2,"23,117","8,053",34.8,"22,914","7,775",33.9
190,Missouri,Boone,1,0,4,019,29,85.53,473.01531626329944,478.97813632643516,503.96352157137846,517.0349584940956,4,Boone,"163,316","31,804",19.5,"165,644","29,347",17.7,"167,266","27,774",16.6,"168,845","25,432",15.1
191,Missouri,Greene,1,4,0,077,29,92.95,452.29693383539535,454.6960731576116,447.29424421732114,441.50618612157075,4,Greene,"274,098","56,481",20.6,"276,445","48,993",17.7,"277,062","45,710",16.5,"278,004","45,036",16.2
192,Missouri,Jackson,6,5,26,095,29,10.42,882.1497120921305,876.8714011516315,856.0460652591171,853.9347408829175,31,Jackson,"671,929","111,130",16.5,"677,039","119,421",17.6,"681,112","105,697",15.5,"687,745","94,910",13.8
193,Missouri,Jasper,1,0,4,097,29,91.18,400.3838561087958,391.24808071945597,390.88615924544854,389.83329677560863,4,Jasper,"114,530","22,445",19.6,"115,648","18,467",16.0,"116,167","20,301",17.5,"117,190","19,719",16.8
194,Missouri,Pemiscot,1,1,6,155,29,68.69,102.85339933032465,104.62949483185325,104.45479691367012,102.60591061289853,7,Pemiscot,"17,386","4,998",28.7,"17,230","4,830",28.0,"16,825","5,198",30.9,"16,568","4,369",26.4
195,Missouri,Platte,1,4,0,165,29,34.98,47.884505431675244,42.73870783304746,38.65065751858205,40.28016009148085,4,Platte,"93,712","6,487",6.9,"95,072","7,191",7.6,"97,281","5,915",6.1,"100,088","6,187",6.2
196,Missouri,St. Louis,6,6,18,189,29,5.04,6105.753968253968,5797.81746031746,5850.793650793651,5837.896825396825,24,St Louis,"981,129","93,882",9.6,"983,149","101,692",10.3,"978,418","90,126",9.2,"976,021","97,993",10.0
197,Missouri,St. Louis City,22,18,83,189,29,4.27,4803.2786885245905,4558.07962529274,4319.906323185012,4402.576112412178,101,St Louis,"981,129","93,882",9.6,"983,149","101,692",10.3,"978,418","90,126",9.2,"976,021","97,993",10.0
198,Missouri,Texas,1,8,1,215,29,58.26,6.385169927909372,14.915894267078613,17.816683831101958,18.91520768966701,9,Texas,"23,668","5,097",21.5,"23,726","5,524",23.3,"23,815","7,130",29.9,"23,768","5,041",21.2
199,Montana,Big Horn,1,3,2,003,30,612.57,2.3295296864031863,2.447067273944202,2.2854530910753055,2.4633919388804544,5,Big Horn,"13,119","4,016",30.6,"13,085","4,050",31.0,"13,202","3,368",25.5,"13,187","3,535",26.8
200,Montana,Powell,1,5,0,077,30,366.22,15.55349243624051,15.706405985473213,15.810168751023973,15.59991262082901,5,Powell,"5,354","1,083",20.2,"5,290",956,18.1,"5,299",929,17.5,"5,217",973,18.7
201,Nebraska,Douglas,3,5,12,055,31,5.24,4304.961832061069,4126.526717557252,4021.7557251908397,4188.5496183206105,17,Douglas,"530,872","74,169",14.0,"537,725","77,869",14.5,"541,796","67,359",12.4,"548,790","62,619",11.4
202,Nevada,Clark,10,69,469,003,32,12.93,3610.518174787316,3706.5738592420726,3892.7300850734728,4034.880123743233,538,Clark,"2,045,642","318,965",15.6,"2,089,026","321,755",15.4,"2,128,461","311,352",14.6,"2,176,532","305,802",14.0
203,New Jersey,Atlantic,2,2,8,001,34,120.45,236.62100456621005,237.8580323785803,237.31008717310087,233.00954753009546,10,Atlantic,"269,327","40,761",15.1,"268,346","37,923",14.1,"265,176","37,734",14.2,"264,046","38,092",14.4
204,New Jersey,Burlington,2,0,8,005,34,7.35,4315.374149659864,4277.6870748299325,4277.823129251701,4292.380952380952,8,Burlington,"437,260","31,331",7.2,"437,201","33,675",7.7,"436,410","27,083",6.2,"436,539","28,202",6.5
205,New Jersey,Camden,1,1,3,007,34,2.6,11269.23076923077,11185.0,10984.23076923077,10949.615384615385,4,Camden,"503,624","65,551",13.0,"503,517","65,805",13.1,"502,527","60,385",12.0,"503,260","58,696",11.7
206,New Jersey,Cumberland,1,0,5,011,34,143.07,325.854476829524,324.62430977843013,321.2693087299923,319.15146431816595,5,Cumberland,"144,988","28,287",19.5,"143,842","24,740",17.2,"142,953","26,321",18.4,"142,282","26,129",18.4
207,New Jersey,Essex,13,11,46,013,34,4.64,11024.784482758621,11439.655172413793,11601.724137931034,11492.025862068966,57,Essex,"777,220","130,059",16.7,"778,636","131,125",16.8,"778,341","126,492",16.3,"789,507","123,806",15.7
208,New Jersey,Hudson,4,1,15,017,34,5.81,10791.394148020654,10919.104991394148,10941.135972461274,11399.139414802066,16,Hudson,"660,143","117,129",17.7,"665,800","117,828",17.7,"669,065","104,660",15.6,"682,524","96,125",14.1
209,New Jersey,Mercer,4,2,17,021,34,2.77,9742.59927797834,9528.880866425992,9352.346570397112,9611.913357400723,19,Mercer,"352,681","41,715",11.8,"352,523","39,354",11.2,"351,110","39,066",11.1,"355,007","40,622",11.4
210,New Jersey,Monmouth,1,4,0,025,34,5.43,5687.2928176795585,5717.863720073665,5715.285451197054,5716.022099447514,4,Monmouth,"622,489","51,001",8.2,"621,887","46,641",7.5,"619,080","43,866",7.1,"620,015","45,085",7.3
211,New Jersey,Ocean,1,0,4,029,34,24.59,3801.260675071167,3927.4095160634406,3981.577877185848,4045.0183001220007,4,Ocean,"578,221","68,832",11.9,"580,616","63,101",10.9,"584,435","64,493",11.0,"589,940","60,406",10.2
212,New Jersey,Passaic,3,2,14,031,34,0.2,11845.0,12720.0,14040.0,13365.0,16,Passaic,"498,640","90,553",18.2,"500,680","86,457",17.3,"497,820","85,671",17.2,"502,332","82,865",16.5
213,New Jersey,Union,2,1,7,039,34,1.82,7670.32967032967,7661.538461538461,7624.725274725274,7709.340659340659,8,Union,"546,034","60,679",11.1,"548,859","58,384",10.6,"548,808","58,425",10.6,"557,057","52,052",9.3
214,New Mexico,Bernalillo,5,8,16,001,35,10.56,2412.5,2420.6439393939395,2368.844696969697,2366.2878787878785,24,Bernalillo,"665,008","124,091",18.7,"665,940","126,614",19.0,"665,935","107,909",16.2,"665,058","97,103",14.6
215,New Mexico,Chaves,2,8,1,005,35,2288.94,11.320087027182888,11.39042526234851,11.52454848095625,11.580032678881928,9,Chaves,"64,174","14,988",23.4,"64,042","13,499",21.1,"63,529","13,974",22.0,"63,032","11,885",18.9
216,New Mexico,Curry,1,2,4,009,35,532.07,88.1895239348206,88.672543086436,88.77215403988197,88.18764448286879,6,Curry,"49,435","9,472",19.2,"48,845","10,597",21.7,"48,678","9,216",18.9,"48,157","9,114",18.9
217,New Mexico,Rio Arriba,1,5,0,039,35,77.76,3.7422839506172836,1.8775720164609053,1.3117283950617282,0.2700617283950617,5,Rio Arriba,"39,490","9,503",24.1,"39,165","9,486",24.2,"39,719","8,953",22.5,"38,793","11,221",28.9
218,New York,Albany,2,5,3,001,36,2.13,7397.652582159625,7190.610328638498,7319.718309859155,7528.638497652582,8,Albany,"292,263","39,589",13.5,"293,419","36,827",12.6,"293,097","35,585",12.1,"293,785","33,186",11.3
219,New York,Bronx,5,2,27,005,36,1.06,66995.28301886792,69587.7358490566,69820.75471698113,71384.90566037735,29,Bronx,"1,400,255","440,989",31.5,"1,418,250","430,291",30.3,"1,418,238","405,516",28.6,"1,434,186","400,473",27.9
220,New York,Chemung,1,0,5,015,36,37.37,455.41878512175543,451.0302381589511,437.08857372223713,429.1677816430292,5,Chemung,"82,794","15,101",18.2,"82,379","12,278",14.9,"81,577","12,390",15.2,"80,950","12,391",15.3
221,New York,Erie,6,4,22,029,36,4.92,8086.585365853659,8028.658536585366,8019.918699186992,8147.967479674797,26,Erie,"896,953","136,135",15.2,"896,928","139,581",15.6,"895,223","126,912",14.2,"899,937","130,831",14.5
222,New York,Kings,15,3,69,047,36,3.6,27142.777777777777,27298.888888888887,27791.388888888887,27953.61111111111,72,Kings,"2,595,041","607,086",23.4,"2,610,863","581,684",22.3,"2,602,147","535,092",20.6,"2,622,531","518,422",19.8
223,New York,Monroe,7,11,31,055,36,2.89,6149.826989619377,6000.0,5720.069204152249,5940.830449826989,42,Monroe,"726,325","103,280",14.2,"726,086","107,747",14.8,"723,936","106,742",14.7,"724,216","105,493",14.6
224,New York,New York,8,1,33,061,36,0.57,55850.87719298246,53907.017543859656,55200.00000000001,55778.94736842106,34,New York,"1,585,668","280,877",17.7,"1,593,702","280,715",17.6,"1,592,914","274,651",17.2,"1,614,170","262,605",16.3
225,New York,Oneida,1,0,5,065,36,8.75,4395.885714285714,4394.857142857143,4385.828571428571,4390.285714285715,5,Oneida,"220,442","38,971",17.7,"220,001","39,680",18.0,"218,780","35,553",16.3,"218,961","35,154",16.1
226,New York,Onondaga,3,0,14,067,36,4.57,6106.126914660831,6069.365426695842,6087.964989059081,6122.538293216629,14,Onondaga,"451,959","72,873",16.1,"452,088","66,114",14.6,"449,895","65,822",14.6,"449,107","61,647",13.7
227,New York,Orange,3,3,13,071,36,34.72,1581.307603686636,1583.4965437788019,1572.926267281106,1582.315668202765,16,Orange,"365,637","49,122",13.4,"367,321","44,395",12.1,"368,757","46,624",12.6,"371,801","40,379",10.9
228,New York,Queens,6,5,20,081,36,1.63,22546.625766871166,24115.337423312885,24483.435582822087,24090.184049079755,25,Queens,"2,295,508","352,481",15.4,"2,313,637","320,712",13.9,"2,306,541","307,866",13.3,"2,332,646","285,222",12.2
229,New York,Rensselaer,1,0,5,083,36,54.89,969.5390781563126,964.2557842958645,968.6281654217526,970.5775186737111,5,Rensselaer,"153,997","19,990",13.0,"154,485","18,537",12.0,"154,322","17,978",11.6,"153,994","17,698",11.5
230,New York,Suffolk,2,3,5,103,36,4.77,3220.5450733752623,3270.2306079664572,2985.744234800839,3119.496855345912,8,Suffolk,"1,474,410","113,319",7.7,"1,473,493","114,849",7.8,"1,464,556","111,341",7.6,"1,465,198","102,014",7.0
231,New York,Westchester,1,1,5,119,36,1.99,18804.52261306533,18865.829145728643,18934.170854271357,18600.0,6,Westchester,"947,290","98,067",10.4,"951,666","96,580",10.1,"949,697","95,327",10.0,"955,780","81,192",8.5
232,North Carolina,Anson,1,0,4,007,37,65.99,54.2506440369753,53.492953477799674,51.522958023943026,49.189271101682074,4,Anson,"23,408","5,860",25.0,"22,987","5,798",25.2,"22,764","5,716",25.1,"22,728","5,039",22.2
233,North Carolina,Catawba,1,3,1,035,37,46.05,1055.7871878393053,1062.1064060803476,1067.9478827361563,1092.6384364820847,4,Catawba,"152,224","24,642",16.2,"152,624","23,050",15.1,"153,929","19,537",12.7,"155,573","19,427",12.5
234,North Carolina,Craven,1,0,5,049,37,117.33,239.81079007926363,237.72266257564135,236.71695218614167,234.7396232847524,5,Craven,"99,318","16,289",16.4,"98,352","14,792",15.0,"98,297","15,047",15.3,"97,516","15,942",16.3
235,North Carolina,Cumberland,3,5,13,051,37,16.73,1716.4973102211595,1745.1882845188284,1759.7728631201435,1736.7603108188882,18,Cumberland,"317,506","55,792",17.6,"315,624","59,320",18.8,"317,488","59,570",18.8,"315,788","58,888",18.6
236,North Carolina,Durham,1,0,8,063,37,40.31,869.9330191019598,905.7057802034234,890.4242123542545,930.8360208385016,8,Durham,"282,315","46,899",16.6,"288,571","49,310",17.1,"293,692","47,269",16.1,"299,038","47,090",15.7
237,North Carolina,Edgecombe,1,0,4,065,37,69.59,314.5854289409398,303.1326339991378,297.6433395602816,291.406811323466,4,Edgecombe,"53,740","13,925",25.9,"52,967","14,742",27.8,"52,448","12,514",23.9,"51,906","13,222",25.5
238,North Carolina,Forsyth,1,0,4,067,37,33.73,1239.8458345686333,1217.9958493922325,1203.557663800771,1201.334123925289,4,Forsyth,"355,076","69,871",19.7,"358,223","64,966",18.1,"360,547","62,994",17.5,"365,758","60,638",16.6
239,North Carolina,Gaston,1,2,3,071,37,42.15,843.4163701067616,824.7686832740213,826.7378410438909,826.2633451957296,5,Gaston,"207,802","34,776",16.7,"210,101","36,243",17.3,"213,448","33,562",15.7,"216,831","32,751",15.1
240,North Carolina,Guilford,1,1,6,081,37,12.15,1972.3456790123457,1991.275720164609,2087.3251028806585,2056.3786008230454,7,Guilford,"497,238","86,041",17.3,"502,022","78,783",15.7,"504,906","92,205",18.3,"511,022","73,862",14.5
241,North Carolina,Johnston,1,0,5,101,37,131.88,90.82499241734911,94.69972702456779,104.79223536548378,105.6718228692751,5,Johnston,"179,460","27,504",15.3,"183,883","23,887",13.0,"189,287","25,065",13.2,"194,775","29,365",15.1
242,North Carolina,Mecklenburg,8,2,33,119,37,21.71,1911.4693689543988,1939.2445877475816,1994.7029018885305,2028.558268079226,35,Mecklenburg,"996,248","151,386",15.2,"1,017,889","145,693",14.3,"1,037,364","127,889",12.3,"1,060,485","120,634",11.4
243,North Carolina,Nash,2,4,4,127,37,141.4,37.807637906647805,37.008486562942004,35.8981612446959,37.001414427157,8,Nash,"92,531","16,796",18.2,"92,033","16,648",18.1,"92,034","15,151",16.5,"92,049","14,560",15.8
244,North Carolina,New Hanover,2,2,7,129,37,24.07,1220.9389281262984,1274.4079767345243,1311.5496468633153,1320.6481096800997,9,New Hanover,"210,155","37,908",18.0,"213,954","36,967",17.3,"217,132","37,472",17.3,"221,067","34,283",15.5
245,North Carolina,Pasquotank,1,0,4,139,37,226.9,177.64213309828116,176.50947553988541,176.0246804759806,174.42485676509475,4,Pasquotank,"37,203","6,978",18.8,"37,404","7,132",19.1,"37,648","6,395",17.0,"37,527","7,579",20.2
246,North Carolina,Robeson,1,1,3,155,37,200.96,197.29299363057325,196.04896496815286,198.109076433121,194.58101114649682,4,Robeson,"130,399","43,106",33.1,"129,938","39,785",30.6,"128,808","35,835",27.8,"128,267","37,204",29.0
247,North Carolina,Rockingham,1,0,7,157,37,98.33,117.45143903183158,114.16658191803113,114.84796094782874,118.79385741889556,7,Rockingham,"90,626","17,540",19.4,"90,677","16,699",18.4,"90,281","16,352",18.1,"89,912","14,628",16.3
248,North Carolina,Rowan,1,2,3,159,37,29.9,849.9665551839465,837.4247491638796,837.123745819398,822.608695652174,5,Rowan,"134,300","24,137",18.0,"134,569","23,342",17.3,"135,330","22,283",16.5,"136,143","20,790",15.3
249,North Carolina,Wake,1,1,3,183,37,1.79,5333.519553072626,5572.625698324022,5636.312849162011,5620.670391061452,4,Wake,"978,477","112,936",11.5,"1,003,351","111,299",11.1,"1,025,625","94,001",9.2,"1,052,109","93,924",8.9
250,North Carolina,Wilson,1,4,0,195,37,110.19,363.21807786550505,361.7206643071059,356.6022325074871,353.76168436337235,4,Wilson,"79,773","19,057",23.9,"80,127","15,955",19.9,"79,960","17,798",22.3,"80,085","14,481",18.1
251,Ohio,Butler,2,2,10,017,39,38.13,1383.92341987936,1399.5017046944663,1390.9520062942563,1396.5381589299764,12,Butler,"362,175","52,128",14.4,"364,168","52,356",14.4,"364,809","45,165",12.4,"367,757","39,242",10.7
252,Ohio,Clark,1,1,3,023,39,13.47,1439.9406087602079,1479.8812175204157,1486.7112100965107,1484.7809948032664,4,Clark,"133,268","24,315",18.2,"132,656","20,019",15.1,"131,469","20,643",15.7,"130,590","20,082",15.4
253,Ohio,Columbiana,1,0,4,029,39,44.88,518.49376114082,511.8983957219251,508.7789661319073,505.43672014260244,4,Columbiana,"101,664","16,171",15.9,"100,785","14,814",14.7,"99,609","17,130",17.2,"99,025","14,948",15.1
254,Ohio,Cuyahoga,13,14,49,035,39,4.04,5493.316831683168,5560.6435643564355,5515.59405940594,5393.069306930693,63,Cuyahoga,"1,233,072","241,829",19.6,"1,229,007","224,256",18.2,"1,221,329","223,636",18.3,"1,220,999","221,287",18.1
255,Ohio,Erie,1,0,7,043,39,58.29,705.5241036198319,700.3774232286842,697.3237261966032,684.1825355978727,7,Erie,"74,275","10,343",13.9,"74,002","9,422",12.7,"73,515","9,171",12.5,"73,245","9,065",12.4
256,Ohio,Franklin,6,11,21,049,39,4.72,4693.0084745762715,4517.372881355933,4645.974576271186,4921.398305084746,32,Franklin,"1,203,079","208,629",17.3,"1,223,013","208,972",17.1,"1,234,975","205,476",16.6,"1,259,477","201,260",16.0
257,Ohio,Hamilton,10,8,57,061,39,5.82,2100.687285223368,2170.7903780068727,2151.546391752577,2167.0103092783506,65,Hamilton,"787,642","138,939",17.6,"788,290","130,935",16.6,"788,945","126,002",16.0,"793,012","128,431",16.2
258,Ohio,Lawrence,1,4,0,087,39,98.27,29.449475933652185,27.902717004172178,26.783351989416914,24.70743868932533,4,Lawrence,"60,801","10,643",17.5,"60,295","12,680",21.0,"60,017","10,771",17.9,"59,416","11,563",19.5
259,Ohio,Lucas,3,1,11,095,39,2.82,3205.6737588652486,3293.971631205674,3194.68085106383,3248.22695035461,12,Lucas,"425,588","87,923",20.7,"424,044","82,814",19.5,"422,296","83,600",19.8,"421,533","75,376",17.9
260,Ohio,Mahoning,1,0,4,099,39,1.74,3088.5057471264367,3053.448275862069,2900.0,2927.0114942528735,4,Mahoning,"225,659","42,601",18.9,"224,419","37,640",16.8,"222,264","41,625",18.7,"221,616","40,879",18.4
261,Ohio,Montgomery,5,3,20,113,39,32.77,968.9350015257857,952.9447665547756,933.9639914555995,923.8938053097344,23,Montgomery,"518,583","101,914",19.7,"517,645","91,879",17.7,"515,981","93,949",18.2,"516,674","81,984",15.9
262,Ohio,Pike,1,8,0,131,39,101.82,68.95501866038107,73.49243763504224,72.61834610096248,74.81830681594973,8,Pike,"27,695","6,061",21.9,"27,657","5,907",21.4,"27,579","5,660",20.5,"27,699","5,536",20.0
263,Ohio,Richland,1,0,5,139,39,114.22,218.29802136228332,214.10436000700403,216.8446856942742,212.49343372439154,5,Richland,"114,673","18,246",15.9,"114,279","17,265",15.1,"113,621","17,904",15.8,"113,588","15,169",13.4
264,Ohio,Sandusky,1,3,1,143,39,134.8,226.66172106824925,225.90504451038575,223.16765578635014,224.73293768545992,4,Sandusky,"59,084","8,592",14.5,"58,594","7,142",12.2,"58,207","6,750",11.6,"58,092","6,477",11.1
265,Ohio,Stark,1,0,4,151,39,2.63,3378.707224334601,3276.8060836501904,3258.555133079848,3123.9543726235743,4,Stark,"366,698","54,744",14.9,"366,173","48,889",13.4,"364,454","48,072",13.2,"363,461","51,852",14.3
266,Ohio,Summit,2,2,7,153,39,1.92,3295.8333333333335,3513.0208333333335,3639.0625,3887.5,9,Summit,"532,420","71,490",13.4,"532,489","76,554",14.4,"530,477","72,687",13.7,"531,580","68,434",12.9
267,Ohio,Trumbull,1,2,3,155,39,17.49,1321.4979988564896,1271.4694110920527,1266.4951400800458,1279.0737564322471,5,Trumbull,"200,866","34,593",17.2,"199,557","35,069",17.6,"197,443","34,839",17.6,"196,061","30,109",15.4
268,Oklahoma,Carter,1,2,5,019,40,328.86,108.97646414887794,108.95213768776986,109.91303290153864,109.64544182934988,7,Carter,"47,785","7,870",16.5,"47,694","7,776",16.3,"47,579","7,799",16.4,"47,184","8,014",17.0
269,Oklahoma,Oklahoma,4,2,15,109,40,7.83,3424.0102171136655,3418.390804597701,3379.0549169859514,3254.9169859514686,17,Oklahoma,"750,143","134,346",17.9,"761,431","123,515",16.2,"767,864","124,834",16.3,"772,365","122,953",15.9
270,Oklahoma,Tulsa,3,1,14,143,40,15.66,1518.9655172413793,1492.72030651341,1489.8467432950192,1499.6168582375478,15,Tulsa,"618,147","91,246",14.8,"628,267","99,650",15.9,"632,189","99,417",15.7,"635,152","91,757",14.4
271,Oregon,Douglas,1,10,9,019,41,172.96,116.06151711378352,117.48381128584643,115.83603145235892,113.10129509713228,19,Douglas,"105,676","21,001",19.9,"106,390","20,707",19.5,"107,195","16,692",15.6,"107,994","16,135",14.9
272,Oregon,Marion,2,4,5,047,41,52.51,550.504665777947,544.2391925347553,544.734336316892,547.248143210817,9,Marion,"316,326","56,064",17.7,"320,889","53,817",16.8,"326,994","44,581",13.6,"331,665","50,264",15.2
273,Oregon,Multnomah,3,1,12,051,41,4.52,9197.12389380531,9144.24778761062,9225.0,9292.256637168142,13,Multnomah,"761,749","141,562",18.6,"775,237","121,528",15.7,"784,745","111,262",14.2,"792,245","114,241",14.4
274,Pennsylvania,Allegheny,14,12,53,003,42,4.78,6107.949790794979,6094.351464435146,6057.322175732217,6183.47280334728,65,Allegheny,"1,196,677","157,151",13.1,"1,195,809","145,454",12.2,"1,190,742","137,017",11.5,"1,189,905","132,929",11.2
275,Pennsylvania,Berks,2,5,4,011,42,25.68,858.3333333333334,863.6292834890966,873.481308411215,879.4003115264798,9,Berks,"401,903","57,336",14.3,"403,399","50,814",12.6,"402,917","52,766",13.1,"406,362","47,405",11.7
276,Pennsylvania,Cambria,1,0,4,021,42,17.18,309.95343422584403,314.49359720605355,305.2968568102445,313.9115250291036,4,Cambria,"131,639","20,177",15.3,"130,368","19,450",14.9,"128,821","20,033",15.6,"127,433","19,126",15.0
277,Pennsylvania,Delaware,4,1,16,045,42,5.72,6221.853146853147,6214.335664335665,6199.825174825175,6227.447552447553,17,Delaware,"541,783","59,610",11.0,"542,699","56,493",10.4,"542,088","58,546",10.8,"543,490","53,255",9.8
278,Pennsylvania,Erie,1,2,5,049,42,2.82,5850.709219858157,5944.68085106383,5942.553191489362,5872.6950354609935,7,Erie,"265,705","43,476",16.4,"265,308","45,339",17.1,"263,506","41,331",15.7,"262,211","41,288",15.7
279,Pennsylvania,Lycoming,1,0,5,081,42,89.44,500.01118067978535,501.755366726297,499.3515205724508,491.1337209302326,5,Lycoming,"110,982","17,789",16.0,"110,488","16,377",14.8,"109,836","16,033",14.6,"108,521","13,968",12.9
280,Pennsylvania,Montgomery,1,7,0,091,42,22.55,2435.0332594235033,2442.2172949002215,2484.212860310421,2496.6740576496672,7,Montgomery,"795,633","56,743",7.1,"798,294","52,939",6.6,"800,766","49,697",6.2,"805,261","47,041",5.8
281,Pennsylvania,Philadelphia,24,14,103,101,42,1.77,23983.61581920904,24595.4802259887,24575.706214689264,25240.112994350282,117,Philadelphia,"1,509,769","389,485",25.8,"1,517,222","385,781",25.4,"1,517,920","384,148",25.3,"1,531,792","388,221",25.3
282,Pennsylvania,York,1,0,4,133,42,1.44,13064.583333333334,12648.611111111111,12768.055555555557,12593.75,4,York,"431,614","44,232",10.2,"433,660","45,255",10.4,"434,459","42,508",9.8,"436,957","40,966",9.4
283,Rhode Island,Providence,2,0,9,007,44,7.74,5314.728682170543,5324.67700258398,5332.299741602067,5362.790697674419,9,Providence,"605,860","110,850",18.3,"607,253","104,385",17.2,"607,580","96,214",15.8,"610,936","90,056",14.7
284,South Carolina,Aiken,1,1,3,003,45,32.84,311.7235079171741,322.320341047503,359.01339829476245,374.6345919610231,4,Aiken,"162,223","26,875",16.6,"163,135","29,497",18.1,"165,117","28,039",17.0,"165,738","24,465",14.8
285,South Carolina,Allendale,1,1,3,005,45,121.76,40.79336399474376,38.32128777923784,38.74835742444152,36.25985545335085,4,Allendale,"8,346","3,328",39.9,"8,081","3,312",41.0,"7,886","3,013",38.2,"7,889","2,892",36.7
286,South Carolina,Anderson,3,8,5,007,45,62.66,182.70028726460262,189.49888285987873,195.00478774337697,199.82444940951166,13,Anderson,"189,695","31,752",16.7,"191,268","32,807",17.2,"193,351","29,703",15.4,"195,615","28,083",14.4
287,South Carolina,Bamberg,1,0,4,009,45,140.91,49.42871336313959,50.75580157547371,46.944858420268254,45.042935206869636,4,Bamberg,"14,185","4,209",29.7,"13,871","4,534",32.7,"13,695","3,885",28.4,"13,682","3,631",26.5
288,South Carolina,Charleston,5,13,12,019,45,84.02,54.082361342537496,55.04641751963818,58.081409188288504,60.057129254939305,25,Charleston,"370,438","62,336",16.8,"378,449","56,459",14.9,"385,834","57,691",15.0,"390,420","51,780",13.3
289,South Carolina,Colleton,2,4,8,029,45,107.24,26.519955240581872,22.23051100335696,22.79000372995151,22.034688549048862,12,Colleton,"37,315","8,566",23.0,"37,234","8,601",23.1,"37,471","8,774",23.4,"37,150","8,325",22.4
290,South Carolina,Dorchester,1,0,4,035,45,11.21,2123.6396074933095,2065.9232827832293,2120.6066012488845,2030.330062444246,4,Dorchester,"146,049","18,717",12.8,"149,981","20,380",13.6,"151,468","14,329",9.5,"154,146","15,362",10.0
291,South Carolina,Florence,1,1,4,041,45,53.7,832.0856610800745,828.8826815642458,823.0540037243948,838.4729981378025,5,Florence,"135,945","26,454",19.5,"135,527","27,558",20.3,"135,517","24,811",18.3,"135,398","25,235",18.6
292,South Carolina,Greenwood,1,0,4,047,45,112.49,254.0759178593653,250.62672237532226,251.6134767534892,254.53818117165972,4,Greenwood,"67,042","14,844",22.1,"67,399","12,878",19.1,"67,802","14,687",21.7,"67,918","12,431",18.3
293,South Carolina,Horry,5,4,22,051,45,174.26,90.62894525421784,91.32904854814645,91.64466888557328,95.83955009755539,26,Horry,"295,238","52,066",17.6,"305,303","50,839",16.7,"317,945","47,767",15.0,"328,751","52,862",16.1
294,South Carolina,Oconee,1,1,3,073,45,79.04,277.40384615384613,277.35323886639674,281.0475708502024,278.125,4,Oconee,"74,369","12,986",17.5,"74,822","13,493",18.0,"75,538","11,021",14.6,"76,434","12,237",16.0
295,South Carolina,Orangeburg,2,5,4,075,45,111.01,53.346545356274206,56.77866858841546,54.1212503378074,53.121340419782,9,Orangeburg,"86,823","26,705",30.8,"85,855","20,575",24.0,"84,853","19,239",22.7,"84,364","20,595",24.4
296,South Carolina,Richland,3,0,16,079,45,63.35,609.2028413575375,610.6393054459353,624.9250197316495,625.3196527229676,16,Richland,"371,666","59,816",16.1,"375,636","59,495",15.8,"378,359","61,910",16.4,"380,408","64,234",16.9
297,South Dakota,Charles Mix,1,6,0,023,46,160.01,2.7623273545403415,3.018561339916255,3.4497843884757207,3.81851134304106,6,Charles Mix,"8,861","2,128",24.0,"8,956","2,088",23.3,"8,978","1,951",21.7,"8,978","2,238",24.9
298,South Dakota,Roberts,1,4,1,109,46,346.39,15.739484396200815,15.771240509252577,15.540286959785213,15.292011894107798,5,Roberts,"10,149","2,074",20.4,"10,087","2,017",20.0,"10,042","1,801",17.9,"10,029","1,763",17.6
299,Tennessee,Crockett,1,0,6,033,47,100.59,29.893627597176657,31.3848295059151,29.257381449448253,28.03459588428273,6,Crockett,"14,429","2,740",19.0,"14,367","2,743",19.1,"14,172","2,491",17.6,"14,241","2,525",17.7
300,Tennessee,Davidson,5,2,23,037,47,40.19,2146.329932819109,2241.1793978601645,2323.2644936551383,2381.6123413784526,25,Davidson,"643,380","128,113",19.9,"653,237","111,678",17.1,"658,588","99,415",15.1,"665,606","97,343",14.6
301,Tennessee,Dyer,1,1,7,045,47,141.45,194.51396253092966,194.48568398727468,196.5217391304348,191.70731707317074,8,Dyer,"37,299","7,324",19.6,"37,269","8,374",22.5,"37,069","7,402",20.0,"36,845","6,360",17.3
302,Tennessee,Hamilton,6,10,19,065,47,12.27,1161.0431947840261,1220.6193969030155,1225.99837000815,1194.6210268948655,29,Hamilton,"341,425","54,383",15.9,"344,737","52,287",15.2,"348,581","47,050",13.5,"352,276","44,007",12.5
303,Tennessee,Hardin,1,0,4,071,47,318.16,54.58259994971083,54.321724918280104,55.135780739250684,54.57945687704299,4,Hardin,"25,467","5,536",21.7,"25,359","5,760",22.7,"25,273","5,438",21.5,"25,450","4,753",18.7
304,Tennessee,Haywood,1,0,10,075,47,270.05,52.55693390112942,52.49398259581559,51.86446954267728,51.25347157933716,10,Haywood,"17,953","4,428",24.7,"17,797","4,009",22.5,"17,621","3,530",20.0,"17,351","3,573",20.6
305,Tennessee,Knox,1,1,4,093,47,15.3,1862.6797385620914,1892.8104575163397,1848.627450980392,1829.4771241830065,5,Knox,"436,362","77,218",17.7,"439,239","68,679",15.6,"443,823","65,480",14.8,"449,727","62,320",13.9
306,Tennessee,Maury,1,0,5,119,47,300.73,178.56881588135536,179.4865826488877,184.491071725468,190.35679845708773,5,Maury,"84,278","13,026",15.5,"86,541","11,432",13.2,"88,715","10,204",11.5,"90,935","9,474",10.4
307,Tennessee,Montgomery,4,2,17,125,47,92.41,504.8696028568337,509.4794935613029,525.0514013634888,539.0217508927606,19,Montgomery,"185,913","25,803",13.9,"189,494","25,378",13.4,"191,572","24,640",12.9,"195,906","25,124",12.8
308,Tennessee,Rutherford,1,0,5,149,47,48.5,345.319587628866,347.0927835051546,364.8453608247423,367.07216494845363,5,Rutherford,"283,064","41,601",14.7,"293,052","32,601",11.1,"302,590","31,097",10.3,"311,520","31,372",10.1
309,Tennessee,Shelby,25,13,102,157,47,67.31,687.3421482692022,665.2651909077402,666.899420591294,654.568414797207,115,Shelby,"919,773","211,505",23.0,"919,589","186,186",20.2,"915,573","190,199",20.8,"918,282","173,777",18.9
310,Tennessee,Sullivan,2,4,6,163,47,127.37,297.98225641830885,297.88804271021434,298.6810080866766,300.40040825940173,10,Sullivan,"154,575","28,608",18.5,"154,362","25,241",16.4,"154,181","25,304",16.4,"154,737","24,258",15.7
311,Texas,Bastrop,1,4,1,021,48,193.6,131.42561983471074,133.54855371900828,139.6849173553719,144.76756198347107,5,Bastrop,"75,533","11,069",14.7,"77,967","9,919",12.7,"80,248","10,632",13.2,"82,253","9,462",11.5
312,Texas,Bell,3,10,20,027,48,48.59,619.5307676476641,615.1677299855937,604.7540646223503,602.099197365713,30,Bell,"320,554","45,622",14.2,"326,186","51,728",15.9,"331,481","42,739",12.9,"337,950","46,542",13.8
313,Texas,Bexar,8,6,32,029,48,22.12,858.2278481012657,898.1012658227847,959.2676311030741,978.119349005425,38,Bexar,"1,812,930","331,898",18.3,"1,853,569","288,976",15.6,"1,884,633","306,859",16.3,"1,914,735","299,023",15.6
314,Texas,Cameron,1,0,4,061,48,93.14,977.5606613699807,991.990551857419,998.5827786128409,998.2284732660511,4,Cameron,"416,030","143,568",34.5,"417,815","133,508",32.0,"418,377","121,665",29.1,"419,941","116,191",27.7
315,Texas,Collin,2,9,5,085,48,37.16,1794.3756727664156,1839.2626480086117,1853.1485468245428,1875.3498385360604,14,Collin,"880,191","62,032",7.0,"908,888","59,993",6.6,"934,232","58,619",6.3,"963,885","56,725",5.9
316,Texas,Dallas,13,19,52,113,48,8.7,6903.908045977012,7058.160919540231,7511.6091954022995,7752.2988505747135,71,Dallas,"2,483,159","480,160",19.3,"2,518,578","451,795",17.9,"2,539,295","413,956",16.3,"2,582,222","382,477",14.8
317,Texas,Denton,1,3,1,121,48,47.68,433.30536912751677,457.005033557047,481.3968120805369,525.1048657718121,4,Denton,"742,300","64,947",8.7,"769,305","61,186",8.0,"794,448","65,057",8.2,"823,874","58,411",7.1
318,Texas,El Paso,2,1,9,141,48,26.74,4242.7449513836955,4259.050112191474,4235.415108451758,4185.415108451758,10,El Paso,"817,198","190,846",23.4,"819,175","165,987",20.3,"821,503","186,707",22.7,"824,863","172,972",21.0
319,Texas,Harris,26,42,89,201,48,5.98,4557.525083612039,4594.983277591973,4714.046822742474,4965.217391304347,131,Harris,"4,393,004","759,184",17.3,"4,487,784","744,712",16.6,"4,539,233","752,261",16.6,"4,601,205","733,605",15.9
320,Texas,Hidalgo,2,2,9,215,48,17.68,2871.719457013575,2909.7285067873304,2969.1742081447965,3035.3506787330316,11,Hidalgo,"822,418","275,840",33.5,"833,542","259,506",31.1,"841,036","262,028",31.2,"851,869","251,593",29.5
321,Texas,Lubbock,2,0,13,303,48,3.12,5232.371794871795,5224.679487179487,5328.205128205128,5493.910256410256,13,Lubbock,"282,799","49,964",17.7,"287,355","57,631",20.1,"291,276","55,089",18.9,"293,522","55,533",18.9
322,Texas,Nueces,2,3,5,355,48,5.08,2992.716535433071,3239.763779527559,3177.755905511811,3045.0787401574803,8,Nueces,"350,265","58,798",16.8,"353,582","70,336",19.9,"354,639","53,441",15.1,"354,483","57,008",16.1
323,Texas,Potter,1,0,4,375,48,16.77,2083.005366726297,2095.9451401311867,2079.6064400715563,2098.2707215265355,4,Potter,"114,767","24,669",21.5,"114,649","25,687",22.4,"113,921","25,040",22.0,"113,497","21,038",18.5
324,Texas,Smith,1,1,3,423,48,75.01,124.81002532995599,120.90387948273563,139.99466737768296,130.5559258765498,4,Smith,"214,432","38,908",18.1,"217,724","34,786",16.0,"220,125","34,487",15.7,"222,543","34,767",15.6
325,Texas,Starr,1,2,2,427,48,3.91,100.0,134.52685421994883,175.19181585677748,165.9846547314578,4,Starr,"62,107","21,981",35.4,"62,939","19,463",30.9,"63,258","25,257",39.9,"63,579","20,344",32.0
326,Texas,Tarrant,7,6,32,439,48,12.17,3853.985209531635,3930.484798685292,4032.949876746097,4091.1257189811013,38,Tarrant,"1,920,269","291,534",15.2,"1,956,980","255,993",13.1,"1,989,810","270,348",13.6,"2,025,806","234,362",11.6
327,Texas,Travis,5,7,14,453,48,2.4,5765.833333333334,6017.083333333334,6103.333333333334,6228.75,21,Travis,"1,128,678","188,959",16.7,"1,154,396","152,195",13.2,"1,177,093","143,948",12.2,"1,204,389","139,071",11.5
328,Texas,Webb,1,2,3,479,48,18.32,2483.024017467249,2492.085152838428,2481.877729257642,2547.543668122271,5,Webb,"263,186","85,109",32.3,"266,165","81,276",30.5,"267,730","85,150",31.8,"271,240","74,061",27.3
329,Texas,Williamson,1,2,3,491,48,93.05,301.90220311660397,310.32778076303066,324.1590542718968,349.586243954863,5,Williamson,"482,919","37,898",7.8,"502,158","32,903",6.6,"522,006","30,201",5.8,"540,715","32,931",6.1
330,Texas,Wilson,1,27,20,493,48,12.81,50.195160031225605,54.48868071818891,55.113192818110846,49.024199843871976,47,Wilson,"45,735","5,029",11.0,"46,851","4,401",9.4,"47,826","4,958",10.4,"48,621","4,414",9.1
331,Utah,Salt Lake,2,3,8,035,49,5.42,4335.977859778598,4296.678966789668,4388.929889298893,4297.7859778597785,11,Salt Lake,"1,076,201","128,385",11.9,"1,090,252","117,311",10.8,"1,105,965","104,297",9.4,"1,119,443","103,384",9.2
332,Utah,Utah,1,5,0,049,49,139.47,283.4516383451638,288.6427188642719,295.13873951387393,295.68365956836595,5,Utah,"549,589","69,472",12.6,"563,599","70,537",12.5,"579,593","66,112",11.4,"593,654","62,063",10.5
333,Vermont,Washington,1,4,0,023,50,54.08,317.0673076923077,316.7344674556213,309.52292899408286,303.4948224852071,4,Washington,"56,727","6,224",11.0,"56,285","5,213",9.3,"56,251","6,080",10.8,"56,095","5,252",9.4
334,Virginia,Alexandria City,1,1,5,510,51,1.39,8588.489208633095,8706.474820143885,8745.323741007194,9305.755395683454,6,Alexandria city,"148,760","14,266",9.6,"151,652","13,832",9.1,"153,877","16,096",10.5,"158,127","15,922",10.1
335,Virginia,Brunswick,1,0,7,025,51,121.27,60.90541766306589,61.441411725900885,60.05607322503505,61.598086913498804,7,Brunswick,"14,633","3,205",21.9,"14,507","3,212",22.1,"14,361","3,275",22.8,"14,356","3,093",21.5
336,Virginia,Chesapeake City,2,6,5,550,51,120.55,298.2662795520531,308.4446287847366,317.8349232683534,324.28038158440484,11,Chesapeake city,"228,541","22,416",9.8,"230,553","22,442",9.7,"233,129","20,071",8.6,"235,613","21,928",9.3
337,Virginia,Culpeper,1,5,0,047,51,21.1,98.95734597156398,108.86255924170615,106.7298578199052,104.3127962085308,5,Culpeper,"47,503","5,219",11.0,"47,888","4,897",10.2,"48,484","4,766",9.8,"49,666","4,900",9.9
338,Virginia,Gloucester,1,1,3,073,51,156.62,131.32422423700677,135.86387434554973,135.8957987485634,134.46558549355126,4,Gloucester,"36,652","3,539",9.7,"36,644","3,402",9.3,"36,741","3,449",9.4,"36,828","3,598",9.8
339,Virginia,Halifax,1,0,5,083,51,93.84,75.01065643648764,75.95907928388746,70.96121057118499,67.34867860187553,5,Halifax,"34,387","6,180",18.0,"34,303","5,791",16.9,"34,159","6,380",18.7,"33,745","6,036",17.9
340,Virginia,Hampton City,1,1,4,650,51,12.46,3420.3049759229534,3429.1332263242375,3391.7335473515245,3371.7495987158904,5,Hampton city,"132,722","20,149",15.2,"131,786","20,072",15.2,"130,575","21,458",16.4,"129,566","20,069",15.5
341,Virginia,Henrico,2,1,8,087,51,11.37,2224.01055408971,2313.2805628847846,2281.9700967458225,2271.679859278804,9,Henrico,"319,063","34,985",11.0,"322,195","30,037",9.3,"323,260","29,583",9.2,"324,682","30,836",9.5
342,Virginia,Hopewell City,1,0,4,670,51,50.37,621.6795711733175,620.7861822513402,613.8177486599167,615.1081993249951,4,Hopewell city,"21,854","4,268",19.5,"22,027","4,531",20.6,"22,366","4,630",20.7,"22,270","4,434",19.9
343,Virginia,Lynchburg City,1,1,3,680,51,32.11,327.77950794145124,318.3431952662722,298.75428215509186,293.4599813142323,4,Lynchburg city,"68,750","17,175",25.0,"69,032","15,975",23.1,"69,350","12,336",17.8,"69,931","13,132",18.8
344,Virginia,Newport News City,2,0,9,700,51,9.37,3116.648879402348,3184.9519743863398,3220.811099252935,3253.041622198506,9,Newport News city,"174,534","29,082",16.7,"173,737","29,248",16.8,"173,205","25,395",14.7,"171,784","29,521",17.2
345,Virginia,Norfolk City,7,4,30,710,51,4.15,5623.1325301204815,5425.78313253012,5526.265060240963,5491.807228915663,34,Norfolk city,"212,906","49,728",23.4,"212,995","45,756",21.5,"212,078","45,219",21.3,"210,960","44,181",20.9
346,Virginia,Northampton,1,1,3,131,51,27.96,114.98569384835479,116.41630901287553,124.74964234620887,115.0214592274678,4,Northampton,"11,895","2,555",21.5,"11,924","2,445",20.5,"11,906","2,418",20.3,"11,621","2,157",18.6
347,Virginia,Petersburg City,2,2,7,730,51,72.22,552.603157020216,537.8842425920798,550.5261700360011,535.1287731930213,9,Petersburg city,"31,997","8,256",25.8,"31,766","9,016",28.4,"31,331","7,884",25.2,"31,217","6,804",21.8
348,Virginia,Prince William,2,2,6,153,51,18.55,2986.630727762803,3020.1617250673853,3100.4312668463613,3124.9595687331534,8,Prince William,"441,981","31,917",7.2,"447,437","29,925",6.7,"450,623","33,308",7.4,"458,766","28,074",6.1
349,Virginia,Richmond City,1,0,4,760,51,4.8,7225.833333333334,7146.458333333334,7262.916666666667,7168.541666666667,4,Richmond city,"205,532","51,415",25.0,"207,741","50,763",24.4,"210,366","55,062",26.2,"215,116","51,609",24.0
350,Virginia,Roanoke City,4,5,21,770,51,8.97,2676.477146042363,2724.526198439242,2823.076923076923,2683.8350055741357,26,Roanoke city,"97,847","19,938",20.4,"98,272","20,913",21.3,"98,006","21,886",22.3,"98,243","18,940",19.3
351,Virginia,Suffolk City,2,0,8,800,51,99.63,39.48609856468935,38.63294188497441,40.29910669477065,41.804677306032325,8,Suffolk city,"85,518","11,668",13.6,"86,841","11,370",13.1,"87,934","10,303",11.7,"88,988","10,067",11.3
352,Virginia,Virginia Beach City,1,0,4,810,51,18.4,2314.3478260869565,2323.967391304348,2345.326086956522,2361.25,4,Virginia Beach city,"440,960","37,886",8.6,"442,534","36,451",8.2,"442,150","36,494",8.3,"440,160","36,669",8.3
353,Virginia,Washington,1,5,1,191,51,58.93,97.42066858985237,93.43288647547938,99.77939928729,99.10062786356694,6,Washington,"53,178","7,734",14.5,"52,994","8,656",16.3,"52,766","7,744",14.7,"52,661","7,308",13.9
354,Washington,Cowlitz,1,3,1,015,53,82.95,134.7076552139843,132.28450874020493,141.96503918022904,148.23387582881253,4,Cowlitz,"100,693","20,701",20.6,"102,027","16,043",15.7,"103,765","16,863",16.3,"105,504","17,302",16.4
355,Washington,King,5,3,21,033,53,3.37,252.22551928783383,236.49851632047478,251.33531157270028,250.44510385756675,24,King,"2,050,488","230,750",11.3,"2,087,764","205,336",9.8,"2,120,859","196,841",9.3,"2,159,702","200,415",9.3
356,Washington,Mason,1,5,0,045,53,72.98,127.24033981912852,121.04686215401479,128.8298163880515,138.36667580158948,5,Mason,"57,921","9,040",15.6,"58,430","9,903",16.9,"59,448","8,830",14.9,"60,918","8,825",14.5
357,Washington,Pierce,1,0,5,053,53,0.94,6900.0,6506.382978723404,6407.446808510638,6786.170212765958,5,Pierce,"814,606","106,432",13.1,"826,719","102,917",12.4,"844,314","102,303",12.1,"859,105","87,596",10.2
358,Washington,Skagit,1,5,0,057,53,33.85,426.26292466765136,437.1935007385524,440.0590841949778,446.6765140324963,5,Skagit,"118,967","18,627",15.7,"120,450","17,965",14.9,"122,345","13,787",11.3,"124,280","14,061",11.3
359,Washington,Snohomish,2,8,2,061,53,7.63,2704.4560943643514,2728.440366972477,2751.5072083879422,2758.8466579292267,10,Snohomish,"749,203","73,930",9.9,"762,180","71,017",9.3,"778,172","62,396",8.0,"792,245","58,157",7.3
360,Washington,Spokane,1,1,3,063,53,78.39,12.50159459114683,11.085597652761832,12.016838882510525,12.412297486924352,4,Spokane,"470,481","76,910",16.3,"477,317","74,144",15.5,"485,188","64,514",13.3,"492,653","69,334",14.1
361,Washington,Yakima,1,0,6,077,53,218.21,59.88268182026488,60.02474680353787,60.473855460336374,59.88268182026488,6,Yakima,"243,861","50,044",20.5,"244,991","46,794",19.1,"245,973","44,819",18.2,"246,545","44,726",18.1
362,West Virginia,Kanawha,1,1,3,039,54,,,,,,4,Kanawha,"186,689","31,400",16.8,"185,375","30,529",16.5,"183,194","30,852",16.8,"179,945","32,592",18.1
363,Wisconsin,Marathon,1,5,0,073,55,4.35,867.1264367816093,869.1954022988507,867.1264367816093,855.8620689655173,5,Marathon,"133,955","13,287",9.9,"134,097","12,675",9.5,"133,845","13,941",10.4,"133,962","13,353",10.0
364,Wisconsin,Milwaukee,7,5,26,079,55,2.55,10455.29411764706,10536.470588235296,10463.921568627451,10524.313725490198,31,Milwaukee,"933,504","205,183",22.0,"934,785","189,827",20.3,"928,941","183,511",19.8,"929,658","177,959",19.1
